createdAt,booking,user,user_feedback,user_rating,driver,driver_feedback,driver_rating
2016-10-26T08:04:52.605Z,ObjectId(5810601c8a32893a4ae06035),ObjectId(58105998db6c7166485ec8e9),,0,ObjectId(5810583cdb6c7166485ec8e6),,0
2016-10-26T16:31:26.134Z,ObjectId(5810da3a53358eb35bae9d9b),ObjectId(58105998db6c7166485ec8e9),,0,ObjectId(5810583cdb6c7166485ec8e6),,3
2016-10-26T17:23:03.181Z,ObjectId(5810e36353358eb35bae9d9e),ObjectId(58105998db6c7166485ec8e9),,0,ObjectId(5810583cdb6c7166485ec8e6),,0
2016-10-28T03:48:51.072Z,ObjectId(5812ca862aa34cc33c9b966e),ObjectId(58105998db6c7166485ec8e9),,0,ObjectId(5810583cdb6c7166485ec8e6),,3
2016-10-28T04:35:47.737Z,ObjectId(5812d53a36bb133f09d111b3),ObjectId(58105998db6c7166485ec8e9),,,ObjectId(5810583cdb6c7166485ec8e6),,3
2016-10-28T04:43:58.693Z,ObjectId(5812d7628af2db0e0cd389b3),ObjectId(58105998db6c7166485ec8e9),,0,ObjectId(5810583cdb6c7166485ec8e6),,3
2016-10-28T10:26:51.297Z,ObjectId(5813269c0386e7c164304c0a),ObjectId(58105998db6c7166485ec8e9),,0,ObjectId(5810583cdb6c7166485ec8e6),,3
2016-10-28T10:58:55.756Z,ObjectId(58132f39212e97d06aac749f),ObjectId(58105998db6c7166485ec8e9),,0,ObjectId(5810583cdb6c7166485ec8e6),,4
2016-10-28T10:59:52.784Z,ObjectId(58132f8b212e97d06aac74a1),ObjectId(58105998db6c7166485ec8e9),,0,ObjectId(5810583cdb6c7166485ec8e6),,0
2016-10-29T15:08:24.360Z,ObjectId(5814bb06212e97d06aac74cd),ObjectId(5814ba92212e97d06aac74cc),,,ObjectId(5814ba57212e97d06aac74ca),,3
2016-10-29T15:09:38.997Z,ObjectId(5814bb8e212e97d06aac74cf),ObjectId(5814ba92212e97d06aac74cc),,0,ObjectId(5814ba57212e97d06aac74ca),,5
2016-10-29T17:40:40.911Z,ObjectId(5814de9fe6a248715b8c8246),ObjectId(58105998db6c7166485ec8e9),,0,ObjectId(5810583cdb6c7166485ec8e6),,3
2016-10-31T12:21:38.611Z,ObjectId(581733bae6a248715b8c829d),ObjectId(58172823e6a248715b8c828a),,0,ObjectId(5816d42ce6a248715b8c827a),Good RIDE NO waiting Charges,5
2016-10-31T12:55:56.933Z,ObjectId(58173aa9e6a248715b8c82a4),ObjectId(58172823e6a248715b8c828a),,,ObjectId(5816d42ce6a248715b8c827a),,5
2016-10-31T19:00:13.864Z,ObjectId(5817946fe6a248715b8c82b7),ObjectId(5814ba92212e97d06aac74cc),,0,ObjectId(5814ba57212e97d06aac74ca),,3
2016-11-01T03:34:21.989Z,ObjectId(58180caa7d9d0b4565225f30),ObjectId(5811b7332aa34cc33c9b9663),,,ObjectId(5816d42ce6a248715b8c827a),,5
2016-11-01T03:37:24.968Z,ObjectId(58180da27d9d0b4565225f38),ObjectId(5811b7332aa34cc33c9b9663),,0,ObjectId(5816d2d6e6a248715b8c8278),,4.5
2016-11-01T03:38:30.653Z,ObjectId(58180e027d9d0b4565225f3c),ObjectId(5811b7332aa34cc33c9b9663),,0,ObjectId(5816d2d6e6a248715b8c8278),,3
2016-11-01T08:02:45.092Z,ObjectId(58183f3c7d9d0b4565225f4c),ObjectId(58133c3d212e97d06aac74a5),,0,ObjectId(5810a8cf53358eb35bae9d93),,0
2016-11-02T05:46:25.750Z,ObjectId(581974967d9d0b4565225f79),ObjectId(5819742c7d9d0b4565225f78),,0,ObjectId(5816d42ce6a248715b8c827a),,5
2016-11-02T06:35:00.574Z,ObjectId(5819853cb1cdfe920dad8627),ObjectId(58172823e6a248715b8c828a),,0,ObjectId(5810a8cf53358eb35bae9d93),,5
2016-11-02T07:02:39.092Z,ObjectId(58198c6fb1cdfe920dad862e),ObjectId(58172823e6a248715b8c828a),,0,ObjectId(5810a8cf53358eb35bae9d93),,0
2016-11-02T09:02:23.342Z,ObjectId(5819a44d4c4fbfbf25f8cc6c),ObjectId(5819a38b4c4fbfbf25f8cc6b),,0,ObjectId(5816d42ce6a248715b8c827a),,0
2016-11-02T10:51:32.035Z,ObjectId(5819b82c4c4fbfbf25f8cc71),ObjectId(58173213e6a248715b8c8297),,0,ObjectId(5816d42ce6a248715b8c827a),,0
2016-11-02T12:45:34.976Z,ObjectId(5819d06e4c4fbfbf25f8cc7b),ObjectId(5819babe4c4fbfbf25f8cc73),,0,ObjectId(5818152d7d9d0b4565225f40),,0
2016-11-02T14:14:15.341Z,ObjectId(5819e4734c4fbfbf25f8cc7f),ObjectId(5814e6d9e6a248715b8c824c),,0,ObjectId(5818152d7d9d0b4565225f40),,0
2016-11-03T06:38:26.968Z,ObjectId(581ada784c4fbfbf25f8cc98),ObjectId(58172823e6a248715b8c828a),,0,ObjectId(5810a8cf53358eb35bae9d93),,3
2016-11-03T06:48:21.667Z,ObjectId(581adc914c4fbfbf25f8cc9c),ObjectId(58172823e6a248715b8c828a),,0,ObjectId(5810a8cf53358eb35bae9d93),,5
2016-11-03T18:07:10.086Z,ObjectId(581b7cb91259bd8338f16aad),ObjectId(58105998db6c7166485ec8e9),,,ObjectId(5810583cdb6c7166485ec8e6),,3
2016-11-03T18:11:08.774Z,ObjectId(581b7d391259bd8338f16ad4),ObjectId(58105998db6c7166485ec8e9),,,ObjectId(5810583cdb6c7166485ec8e6),,3
2016-11-04T12:26:22.127Z,ObjectId(581c75211259bd8338f1946b),ObjectId(581b3bd08800d1ad400230fd),,,ObjectId(5818152d7d9d0b4565225f40),,0
2016-11-04T18:12:43.444Z,ObjectId(581ccf77d47aa3ba2daea9f3),ObjectId(58105998db6c7166485ec8e9),,,ObjectId(5810583cdb6c7166485ec8e6),,0
2016-11-06T09:04:40.923Z,ObjectId(581ee7f9d47aa3ba2daf278d),ObjectId(581eb3ccd47aa3ba2daee4d9),,,ObjectId(5816d42ce6a248715b8c827a),,0
2016-11-06T15:05:10.738Z,ObjectId(581f3b9ca725d8b97d26aab2),ObjectId(581ecc97d47aa3ba2daf0066),,,ObjectId(5816d42ce6a248715b8c827a),,0
2016-11-07T07:22:38.050Z,ObjectId(582028d9a725d8b97d26c415),ObjectId(58105998db6c7166485ec8e9),,,ObjectId(5810583cdb6c7166485ec8e6),,0
2016-11-07T08:29:46.231Z,ObjectId(582039bca725d8b97d26c47f),ObjectId(58105998db6c7166485ec8e9),,,ObjectId(5810583cdb6c7166485ec8e6),,3
2016-11-08T13:30:07.147Z,ObjectId(5821d2e55930710e53d1896c),ObjectId(58172823e6a248715b8c828a),,,ObjectId(5816d2d6e6a248715b8c8278),,5
2016-11-09T14:25:47.310Z,ObjectId(582324f15930710e53d18fbb),ObjectId(5822e2c25930710e53d18e89),,,ObjectId(5816d42ce6a248715b8c827a),,0
2016-11-10T06:29:56.536Z,ObjectId(582412b4fa630f995dc56661),ObjectId(58172823e6a248715b8c828a),,,ObjectId(5818152d7d9d0b4565225f40),,4.5
2016-11-10T18:07:29.769Z,ObjectId(5824b7307ea5628a6dbcc695),ObjectId(5824b42b4adf58b16b63f7b5),,0,ObjectId(5810583cdb6c7166485ec8e6),,3
2016-11-11T04:18:01.768Z,ObjectId(58253ebe7ea5628a6dbccab4),ObjectId(5819f74a4c4fbfbf25f8cc83),,0,ObjectId(5816d42ce6a248715b8c827a),"Awesome experience. Increase the cabs it will help us as we regularly take rides

",5
2016-11-11T05:42:52.697Z,ObjectId(582554307ea5628a6dbccc13),ObjectId(582294835930710e53d18d2e),,0,ObjectId(5816d42ce6a248715b8c827a),,0
2016-11-11T08:41:43.205Z,ObjectId(58257eb57ea5628a6dbcdd6d),ObjectId(5811b7332aa34cc33c9b9663),,0,ObjectId(5816d42ce6a248715b8c827a),,5
2016-11-12T06:39:39.818Z,ObjectId(5826b08690df3f7a6389e430),ObjectId(58101715db6c7166485ec8da),,0,ObjectId(581ee2dfd47aa3ba2daf2731),,0
2016-11-12T10:44:25.004Z,ObjectId(5826e93d90df3f7a6389e6a2),ObjectId(582664cc90df3f7a6389e006),,0,ObjectId(581ee2dfd47aa3ba2daf2731),,0
2016-11-14T04:26:40.624Z,ObjectId(58293436c2e731cd43ccb239),ObjectId(5825c3227ea5628a6dbce0be),,0,ObjectId(5816d42ce6a248715b8c827a),,0
2016-11-14T08:57:17.400Z,ObjectId(58297c3ec2e731cd43ccb593),ObjectId(58172823e6a248715b8c828a),,0,ObjectId(5816d2d6e6a248715b8c8278),,5
2016-11-14T08:58:26.572Z,ObjectId(58297c84c2e731cd43ccb596),ObjectId(58172823e6a248715b8c828a),,0,ObjectId(5816d2d6e6a248715b8c8278),,5
2016-11-14T12:59:44.163Z,ObjectId(5829a9bdc2e731cd43ccb645),ObjectId(581027a7db6c7166485ec8de),,0,ObjectId(5810a82a53358eb35bae9d91),,0
2016-11-15T14:51:49.701Z,ObjectId(582b033f4c94fa7b445a85f7),ObjectId(58101d78db6c7166485ec8dc),,0,ObjectId(5816d42ce6a248715b8c827a),,0
2016-11-16T04:27:04.470Z,ObjectId(582bd72c4c94fa7b445aa08f),ObjectId(582a4f27c2e731cd43ccbe3a),,0,ObjectId(5816d42ce6a248715b8c827a),Awesome ride,5
2016-11-16T05:45:26.126Z,ObjectId(582be6054c94fa7b445aa0b6),ObjectId(582bcb5b4c94fa7b445a987c),,0,ObjectId(5816d42ce6a248715b8c827a),,3
2016-11-16T09:10:29.149Z,ObjectId(582c16f04c94fa7b445aa221),ObjectId(58246970bf2c951c2f385969),,0,ObjectId(581ee2dfd47aa3ba2daf2731),,0
2016-11-16T12:59:29.246Z,ObjectId(582c4fb44c94fa7b445aa322),ObjectId(581352e3212e97d06aac74a8),,0,ObjectId(5810a82a53358eb35bae9d91),,0
2016-11-17T06:29:23.152Z,ObjectId(582d3d434c94fa7b445aa3e3),ObjectId(582d3bdc4c94fa7b445aa3d3),,0,ObjectId(5816d2d6e6a248715b8c8278),good ride ,5
2016-11-18T04:29:41.459Z,ObjectId(582e7b365e0f10bb27134398),ObjectId(580f17e1db6c7166485ec8c8),,0,ObjectId(581ee2dfd47aa3ba2daf2731),,0
2016-11-18T07:53:19.792Z,ObjectId(582eb3215e0f10bb27134475),ObjectId(58172823e6a248715b8c828a),,0,ObjectId(582ab73cc2e731cd43ccbed2),,5
2016-11-18T10:23:08.543Z,ObjectId(582ecb5e5e0f10bb27134519),ObjectId(58178bc4e6a248715b8c82b3),,0,ObjectId(5810a82a53358eb35bae9d91),,0
2016-11-18T11:39:39.229Z,ObjectId(582eda405e0f10bb27134560),ObjectId(582debdf4c94fa7b445aa504),,0,ObjectId(581ee2dfd47aa3ba2daf2731),,0
2016-11-19T04:52:55.548Z,ObjectId(582fd3975e0f10bb27134b63),ObjectId(582ef4155e0f10bb2713459c),,0,ObjectId(5816d2d6e6a248715b8c8278),,5
2016-11-19T09:31:06.420Z,ObjectId(583013845e0f10bb27134d7f),ObjectId(58136fe3212e97d06aac74ac),,0,ObjectId(5816d2d6e6a248715b8c8278),,0.5
2016-11-21T06:37:11.004Z,ObjectId(58328d1a5e0f10bb2713f7e8),ObjectId(581cb21c74e205517f846c37),,0,ObjectId(5810a82a53358eb35bae9d91),,5
2016-11-21T07:43:20.174Z,ObjectId(5832a4695e0f10bb2714202e),ObjectId(58172823e6a248715b8c828a),,0,ObjectId(5832a29b5e0f10bb27142026),,5
2016-11-21T07:58:08.161Z,ObjectId(5832a8885e0f10bb271420cc),ObjectId(58172823e6a248715b8c828a),,0,ObjectId(5832a29b5e0f10bb27142026),,5
2016-11-21T12:47:18.733Z,ObjectId(5832e45f5e0f10bb271427b0),ObjectId(5828246957b3188d04ba442d),,0,ObjectId(5816d42ce6a248715b8c827a),,0
2016-11-21T14:48:54.443Z,ObjectId(583308775e0f10bb27142836),ObjectId(583278235e0f10bb2713c9bf),,0,ObjectId(582ab73cc2e731cd43ccbed2),,0
2016-11-22T12:35:04.478Z,ObjectId(5834335f5e0f10bb27142b77),ObjectId(5833b44f5e0f10bb27142aa2),,0,ObjectId(5816d42ce6a248715b8c827a),,0
2016-11-22T12:55:33.673Z,ObjectId(58343fa75e0f10bb27142f3f),ObjectId(5834360d5e0f10bb27142b90),,0,ObjectId(5833e1945e0f10bb27142aca),,5
2016-11-23T05:51:55.172Z,ObjectId(58352e025e0f10bb27143096),ObjectId(58172823e6a248715b8c828a),,0,ObjectId(582ec9065e0f10bb271344e0),,5
2016-11-23T06:39:42.089Z,ObjectId(583539525e0f10bb2714332f),ObjectId(58172823e6a248715b8c828a),,,ObjectId(583537e05e0f10bb27143307),,5
2016-11-23T10:50:28.764Z,ObjectId(5835733bb479d0f859d0292d),ObjectId(58331b385e0f10bb27142842),,0,ObjectId(582ab73cc2e731cd43ccbed2),,0
2016-11-24T04:59:02.302Z,ObjectId(58366ddeb479d0f859d02c95),ObjectId(5811b7332aa34cc33c9b9663),,0,ObjectId(581ee2dfd47aa3ba2daf2731),,5
2016-11-24T05:39:44.882Z,ObjectId(58367c99b479d0f859d02d50),ObjectId(58172823e6a248715b8c828a),,0,ObjectId(5818152d7d9d0b4565225f40),,5
2016-11-24T07:20:18.822Z,ObjectId(5836944fb479d0f859d02e40),ObjectId(583442175e0f10bb27142f4b),,0,ObjectId(5833e1945e0f10bb27142aca),,5
2016-11-25T05:22:36.186Z,ObjectId(5837c05c0f6262e23a321aa9),ObjectId(5811b7332aa34cc33c9b9663),,0,ObjectId(5816d42ce6a248715b8c827a),,5
2016-11-25T05:57:20.620Z,ObjectId(5837d2880f6262e23a321af1),ObjectId(583442175e0f10bb27142f4b),,0,ObjectId(5833e2a85e0f10bb27142ace),,0
2016-11-25T14:08:29.034Z,ObjectId(583845150f6262e23a32373e),ObjectId(583844a20f6262e23a32372b),,0,ObjectId(5810a8cf53358eb35bae9d93),,0
2016-11-25T14:13:29.442Z,ObjectId(583846570f6262e23a3237b4),ObjectId(583844a20f6262e23a32372b),,0,ObjectId(5810a8cf53358eb35bae9d93),,3
2016-11-26T13:10:30.573Z,ObjectId(58397d330f6262e23a324e63),ObjectId(5818c4917d9d0b4565225f68),,0,ObjectId(581ee2dfd47aa3ba2daf2731),,0
2016-11-27T07:17:06.413Z,ObjectId(583a80900f6262e23a326c64),ObjectId(5828070d57b3188d04ba4227),,0,ObjectId(583537e05e0f10bb27143307),,0
2016-11-27T08:47:44.312Z,ObjectId(583a947b0f6262e23a326cb0),ObjectId(583a7e7a0f6262e23a326c54),,0,ObjectId(582ab73cc2e731cd43ccbed2),,0
2016-11-27T09:02:30.918Z,ObjectId(583a9a20f00d7f81245ae517),ObjectId(58143d8d212e97d06aac74ba),,0,ObjectId(5832a29b5e0f10bb27142026),,0
2016-11-28T13:03:02.906Z,ObjectId(583c1c78f00d7f81245aebb8),ObjectId(583c12fef00d7f81245ae9d3),,0,ObjectId(5816d42ce6a248715b8c827a),,0
2016-11-28T14:01:42.047Z,ObjectId(583c311ef00d7f81245aece1),ObjectId(583bd036f00d7f81245ae852),,0,ObjectId(581ee2dfd47aa3ba2daf2731),,0
2016-11-29T05:33:11.043Z,ObjectId(583d0b7cf00d7f81245aef6c),ObjectId(583d0ab3f00d7f81245aef65),,0,ObjectId(582ab73cc2e731cd43ccbed2),,0
2016-11-29T13:07:23.254Z,ObjectId(583d7551f00d7f81245b00bc),ObjectId(583d0ab3f00d7f81245aef65),,0,ObjectId(582ab73cc2e731cd43ccbed2),,0
2016-11-30T03:57:15.722Z,ObjectId(583e4573de441b7a1c76b73f),ObjectId(582ee14d5e0f10bb27134582),,0,ObjectId(5816d2d6e6a248715b8c8278),,0
2016-11-30T04:27:47.482Z,ObjectId(583e53edde441b7a1c76ba73),ObjectId(583ce7c6f00d7f81245aef09),,0,ObjectId(583537e05e0f10bb27143307),,0
2016-11-30T12:38:52.885Z,ObjectId(583ec119de441b7a1c76be10),ObjectId(583ec0b5de441b7a1c76be02),,0,ObjectId(5816d42ce6a248715b8c827a),,0
