driver_id,vendor_id,date,online,offline,createdAt
5a2cd74cf8e3097a2fa16451,5810a31e53358eb35bae9d8d,2017-12-10,06:47:55.065Z,,2017-12-10T06:47:55.066Z
5a2cd74cf8e3097a2fa16451,5810a31e53358eb35bae9d8d,2017-12-10,06:55:04.728Z,,2017-12-10T06:55:04.728Z
5a2cd74cf8e3097a2fa16451,5810a31e53358eb35bae9d8d,2017-12-10,07:24:05.748Z,,2017-12-10T07:24:05.748Z
5a2cd74cf8e3097a2fa16451,5810a31e53358eb35bae9d8d,2017-12-11,04:27:36.625Z,,2017-12-11T04:27:36.626Z
5a2cd74cf8e3097a2fa16451,5810a31e53358eb35bae9d8d,2017-12-11,04:28:56.230Z,,2017-12-11T04:28:56.231Z
5a2cd74cf8e3097a2fa16451,5810a31e53358eb35bae9d8d,2017-12-11,05:06:37.367Z,,2017-12-11T05:06:37.367Z
5a2cd74cf8e3097a2fa16451,5810a31e53358eb35bae9d8d,2017-12-11,05:13:55.396Z,,2017-12-11T05:13:55.396Z
5a2cd74cf8e3097a2fa16451,5810a31e53358eb35bae9d8d,2017-12-11,06:22:54.348Z,,2017-12-11T06:22:54.349Z
5a2cd74cf8e3097a2fa16451,5810a31e53358eb35bae9d8d,2017-12-11,06:59:03.505Z,,2017-12-11T06:59:03.505Z
5a2cd74cf8e3097a2fa16451,5810a31e53358eb35bae9d8d,2017-12-11,07:36:37.393Z,,2017-12-11T07:36:37.393Z
5a2cd74cf8e3097a2fa16451,5810a31e53358eb35bae9d8d,2017-12-11,07:55:10.174Z,,2017-12-11T07:55:10.175Z
5a2cd74cf8e3097a2fa16451,5810a31e53358eb35bae9d8d,2017-12-11,07:55:13.708Z,,2017-12-11T07:55:13.708Z
5a2cd74cf8e3097a2fa16451,5810a31e53358eb35bae9d8d,2017-12-11,08:01:02.186Z,,2017-12-11T08:01:02.186Z
5a2cd74cf8e3097a2fa16451,5810a31e53358eb35bae9d8d,2017-12-11,08:03:54.709Z,,2017-12-11T08:03:54.709Z
5a2cd74cf8e3097a2fa16451,5810a31e53358eb35bae9d8d,2017-12-11,08:56:32.691Z,,2017-12-11T08:56:32.692Z
5a2cd74cf8e3097a2fa16451,5810a31e53358eb35bae9d8d,2017-12-11,08:56:41.144Z,,2017-12-11T08:56:41.145Z
5a2cd74cf8e3097a2fa16451,5810a31e53358eb35bae9d8d,2017-12-11,08:59:27.133Z,,2017-12-11T08:59:27.134Z
5a2cd74cf8e3097a2fa16451,5810a31e53358eb35bae9d8d,2017-12-11,09:13:33.034Z,,2017-12-11T09:13:33.035Z
5a2cd74cf8e3097a2fa16451,5810a31e53358eb35bae9d8d,2017-12-11,09:16:15.614Z,,2017-12-11T09:16:15.615Z
5a2cd74cf8e3097a2fa16451,5810a31e53358eb35bae9d8d,2017-12-11,09:29:31.405Z,,2017-12-11T09:29:31.405Z
5a2cd74cf8e3097a2fa16451,5810a31e53358eb35bae9d8d,2017-12-11,09:29:33.487Z,,2017-12-11T09:29:33.487Z
5a2cd74cf8e3097a2fa16451,5810a31e53358eb35bae9d8d,2017-12-11,11:01:41.146Z,,2017-12-11T11:01:41.149Z
5a2cd74cf8e3097a2fa16451,5810a31e53358eb35bae9d8d,2017-12-11,14:23:54.274Z,,2017-12-11T14:23:54.274Z
5a2cd74cf8e3097a2fa16451,5810a31e53358eb35bae9d8d,2017-12-11,15:13:51.806Z,,2017-12-11T15:13:51.807Z
5a2cd74cf8e3097a2fa16451,5810a31e53358eb35bae9d8d,2017-12-12,02:58:41.052Z,,2017-12-12T02:58:41.052Z
5a2cd74cf8e3097a2fa16451,5810a31e53358eb35bae9d8d,2017-12-12,03:22:32.587Z,,2017-12-12T03:22:32.589Z
5a2cd74cf8e3097a2fa16451,5810a31e53358eb35bae9d8d,2017-12-12,08:46:38.540Z,,2017-12-12T08:46:38.540Z
5a2cd74cf8e3097a2fa16451,5810a31e53358eb35bae9d8d,2017-12-12,08:47:15.405Z,,2017-12-12T08:47:15.405Z
5a2cd74cf8e3097a2fa16451,5810a31e53358eb35bae9d8d,2017-12-12,08:47:15.775Z,,2017-12-12T08:47:15.776Z
5a2cd74cf8e3097a2fa16451,5810a31e53358eb35bae9d8d,2017-12-12,08:47:16.053Z,,2017-12-12T08:47:16.053Z
5a2cd74cf8e3097a2fa16451,5810a31e53358eb35bae9d8d,2017-12-12,08:47:16.386Z,,2017-12-12T08:47:16.386Z
5a2cd74cf8e3097a2fa16451,5810a31e53358eb35bae9d8d,2017-12-12,09:46:51.735Z,,2017-12-12T09:46:51.736Z
5a2cd74cf8e3097a2fa16451,5810a31e53358eb35bae9d8d,2017-12-12,10:32:09.547Z,,2017-12-12T10:32:09.548Z
5a2cd74cf8e3097a2fa16451,5810a31e53358eb35bae9d8d,2017-12-12,11:16:33.994Z,,2017-12-12T11:16:33.995Z
5a2cd74cf8e3097a2fa16451,5810a31e53358eb35bae9d8d,2017-12-12,11:32:43.844Z,,2017-12-12T11:32:43.844Z
5a2cd74cf8e3097a2fa16451,5810a31e53358eb35bae9d8d,2017-12-12,12:40:21.680Z,,2017-12-12T12:40:21.680Z
5a2cd74cf8e3097a2fa16451,5810a31e53358eb35bae9d8d,2017-12-12,12:46:56.654Z,,2017-12-12T12:46:56.654Z
5a2cd74cf8e3097a2fa16451,5810a31e53358eb35bae9d8d,2017-12-13,02:59:30.867Z,,2017-12-13T02:59:30.868Z
5a2cd74cf8e3097a2fa16451,5810a31e53358eb35bae9d8d,2017-12-13,04:06:27.667Z,,2017-12-13T04:06:27.669Z
5a2cd74cf8e3097a2fa16451,5810a31e53358eb35bae9d8d,2017-12-13,04:37:13.220Z,,2017-12-13T04:37:13.220Z
5a2cd74cf8e3097a2fa16451,5810a31e53358eb35bae9d8d,2017-12-13,05:30:00.101Z,,2017-12-13T05:30:00.101Z
5a2cd74cf8e3097a2fa16451,5810a31e53358eb35bae9d8d,2017-12-13,05:44:14.742Z,,2017-12-13T05:44:14.744Z
5a2cd74cf8e3097a2fa16451,5810a31e53358eb35bae9d8d,2017-12-13,06:05:13.972Z,,2017-12-13T06:05:13.974Z
5a2cd74cf8e3097a2fa16451,5810a31e53358eb35bae9d8d,2017-12-13,06:09:28.164Z,,2017-12-13T06:09:28.164Z
5a2cd74cf8e3097a2fa16451,5810a31e53358eb35bae9d8d,2017-12-13,08:06:16.113Z,,2017-12-13T08:06:16.114Z
5a2cd74cf8e3097a2fa16451,5810a31e53358eb35bae9d8d,2017-12-13,08:40:47.403Z,,2017-12-13T08:40:47.404Z
5a2cd74cf8e3097a2fa16451,5810a31e53358eb35bae9d8d,2017-12-13,12:20:35.669Z,,2017-12-13T12:20:35.669Z
5a2cd74cf8e3097a2fa16451,5810a31e53358eb35bae9d8d,2017-12-13,12:20:39.416Z,,2017-12-13T12:20:39.417Z
5a2cd74cf8e3097a2fa16451,5810a31e53358eb35bae9d8d,2017-12-13,12:20:57.693Z,,2017-12-13T12:20:57.693Z
5a2cd74cf8e3097a2fa16451,5810a31e53358eb35bae9d8d,2017-12-13,12:43:02.641Z,,2017-12-13T12:43:02.641Z
5a2cd74cf8e3097a2fa16451,5810a31e53358eb35bae9d8d,2017-12-13,13:07:03.277Z,,2017-12-13T13:07:03.277Z
5a2cd74cf8e3097a2fa16451,5810a31e53358eb35bae9d8d,2017-12-13,13:07:04.254Z,,2017-12-13T13:07:04.254Z
5a2cd74cf8e3097a2fa16451,5810a31e53358eb35bae9d8d,2017-12-13,13:47:32.851Z,,2017-12-13T13:47:32.851Z
5a2cd74cf8e3097a2fa16451,5810a31e53358eb35bae9d8d,2017-12-13,15:02:58.115Z,,2017-12-13T15:02:58.115Z
5a2cd74cf8e3097a2fa16451,5810a31e53358eb35bae9d8d,2017-12-13,15:09:20.314Z,,2017-12-13T15:09:20.314Z
5a2cd74cf8e3097a2fa16451,5810a31e53358eb35bae9d8d,2017-12-13,15:09:20.606Z,,2017-12-13T15:09:20.607Z
5a2cd74cf8e3097a2fa16451,5810a31e53358eb35bae9d8d,2017-12-13,15:09:20.894Z,,2017-12-13T15:09:20.894Z
5a2cd74cf8e3097a2fa16451,5810a31e53358eb35bae9d8d,2017-12-13,15:09:21.185Z,,2017-12-13T15:09:21.185Z
5a2cd74cf8e3097a2fa16451,5810a31e53358eb35bae9d8d,2017-12-13,15:09:21.427Z,,2017-12-13T15:09:21.427Z
5a2cd74cf8e3097a2fa16451,5810a31e53358eb35bae9d8d,2017-12-13,15:09:21.696Z,,2017-12-13T15:09:21.697Z
5a2cd74cf8e3097a2fa16451,5810a31e53358eb35bae9d8d,2017-12-13,15:09:22.770Z,,2017-12-13T15:09:22.771Z
5a2cd74cf8e3097a2fa16451,5810a31e53358eb35bae9d8d,2017-12-13,15:09:23.102Z,,2017-12-13T15:09:23.103Z
5a2cd74cf8e3097a2fa16451,5810a31e53358eb35bae9d8d,2017-12-13,15:09:23.332Z,,2017-12-13T15:09:23.333Z
5a2cd74cf8e3097a2fa16451,5810a31e53358eb35bae9d8d,2017-12-13,15:19:45.255Z,,2017-12-13T15:19:45.256Z
5a2cd74cf8e3097a2fa16451,5810a31e53358eb35bae9d8d,2017-12-13,15:27:34.678Z,,2017-12-13T15:27:34.678Z
5a2cd74cf8e3097a2fa16451,5810a31e53358eb35bae9d8d,2017-12-13,15:32:06.183Z,,2017-12-13T15:32:06.183Z
5a2cd74cf8e3097a2fa16451,5810a31e53358eb35bae9d8d,2017-12-13,16:10:56.300Z,,2017-12-13T16:10:56.301Z
5a2cd74cf8e3097a2fa16451,5810a31e53358eb35bae9d8d,2017-12-14,02:59:05.053Z,,2017-12-14T02:59:05.053Z
5a2cd74cf8e3097a2fa16451,5810a31e53358eb35bae9d8d,2017-12-14,04:38:27.227Z,,2017-12-14T04:38:27.227Z
5a2cd74cf8e3097a2fa16451,5810a31e53358eb35bae9d8d,2017-12-14,06:00:27.110Z,,2017-12-14T06:00:27.111Z
5a2cd74cf8e3097a2fa16451,5810a31e53358eb35bae9d8d,2017-12-14,10:17:16.517Z,,2017-12-14T10:17:16.517Z
5a2cd74cf8e3097a2fa16451,5810a31e53358eb35bae9d8d,2017-12-14,10:30:47.443Z,,2017-12-14T10:30:47.444Z
5a2cd74cf8e3097a2fa16451,5810a31e53358eb35bae9d8d,2017-12-14,13:29:10.645Z,,2017-12-14T13:29:10.646Z
5a2cd74cf8e3097a2fa16451,5810a31e53358eb35bae9d8d,2017-12-14,13:43:26.121Z,,2017-12-14T13:43:26.121Z
5a2cd74cf8e3097a2fa16451,5810a31e53358eb35bae9d8d,2017-12-14,14:53:59.585Z,,2017-12-14T14:53:59.586Z
5a2cd74cf8e3097a2fa16451,5810a31e53358eb35bae9d8d,2017-12-14,15:42:11.321Z,,2017-12-14T15:42:11.321Z
5a2cd74cf8e3097a2fa16451,5810a31e53358eb35bae9d8d,2017-12-15,00:53:29.964Z,,2017-12-15T00:53:29.965Z
5a2cd74cf8e3097a2fa16451,5810a31e53358eb35bae9d8d,2017-12-15,02:43:24.830Z,,2017-12-15T02:43:24.831Z
5a2cd74cf8e3097a2fa16451,5810a31e53358eb35bae9d8d,2017-12-15,03:01:55.190Z,,2017-12-15T03:01:55.191Z
5a2cd74cf8e3097a2fa16451,5810a31e53358eb35bae9d8d,2017-12-15,03:26:53.727Z,,2017-12-15T03:26:53.727Z
5a2cd74cf8e3097a2fa16451,5810a31e53358eb35bae9d8d,2017-12-15,04:00:18.716Z,,2017-12-15T04:00:18.716Z
5a2cd74cf8e3097a2fa16451,5810a31e53358eb35bae9d8d,2017-12-15,04:12:42.301Z,,2017-12-15T04:12:42.302Z
5a2cd74cf8e3097a2fa16451,5810a31e53358eb35bae9d8d,2017-12-15,04:17:33.169Z,,2017-12-15T04:17:33.170Z
5a2cd74cf8e3097a2fa16451,5810a31e53358eb35bae9d8d,2017-12-15,04:46:32.200Z,,2017-12-15T04:46:32.201Z
5a2cd74cf8e3097a2fa16451,5810a31e53358eb35bae9d8d,2017-12-15,06:15:43.499Z,,2017-12-15T06:15:43.502Z
5a2cd74cf8e3097a2fa16451,5810a31e53358eb35bae9d8d,2017-12-15,07:30:45.929Z,,2017-12-15T07:30:45.930Z
5a2cd74cf8e3097a2fa16451,5810a31e53358eb35bae9d8d,2017-12-15,07:42:46.900Z,,2017-12-15T07:42:46.900Z
5a2cd74cf8e3097a2fa16451,5810a31e53358eb35bae9d8d,2017-12-15,08:31:23.729Z,,2017-12-15T08:31:23.730Z
5a2cd74cf8e3097a2fa16451,5810a31e53358eb35bae9d8d,2017-12-15,09:39:29.774Z,,2017-12-15T09:39:29.777Z
5a2cd74cf8e3097a2fa16451,5810a31e53358eb35bae9d8d,2017-12-15,09:51:39.695Z,,2017-12-15T09:51:39.696Z
5a2cd74cf8e3097a2fa16451,5810a31e53358eb35bae9d8d,2017-12-15,10:59:01.561Z,,2017-12-15T10:59:01.563Z
5a2cd74cf8e3097a2fa16451,5810a31e53358eb35bae9d8d,2017-12-15,11:00:00.043Z,,2017-12-15T11:00:00.044Z
5a2cd74cf8e3097a2fa16451,5810a31e53358eb35bae9d8d,2017-12-15,11:15:12.827Z,,2017-12-15T11:15:12.827Z
5a2cd74cf8e3097a2fa16451,5810a31e53358eb35bae9d8d,2017-12-15,11:16:23.964Z,,2017-12-15T11:16:23.964Z
5a2cd74cf8e3097a2fa16451,5810a31e53358eb35bae9d8d,2017-12-15,11:16:27.021Z,,2017-12-15T11:16:27.022Z
5a2cd74cf8e3097a2fa16451,5810a31e53358eb35bae9d8d,2017-12-15,11:16:52.090Z,,2017-12-15T11:16:52.090Z
5a2cd74cf8e3097a2fa16451,5810a31e53358eb35bae9d8d,2017-12-15,11:21:37.590Z,,2017-12-15T11:21:37.590Z
5a2cd74cf8e3097a2fa16451,5810a31e53358eb35bae9d8d,2017-12-15,12:45:08.734Z,,2017-12-15T12:45:08.734Z
5a2cd74cf8e3097a2fa16451,5810a31e53358eb35bae9d8d,2017-12-15,13:33:20.140Z,,2017-12-15T13:33:20.140Z
5a2cd74cf8e3097a2fa16451,5810a31e53358eb35bae9d8d,2017-12-15,14:02:58.287Z,,2017-12-15T14:02:58.287Z
5a2cd74cf8e3097a2fa16451,5810a31e53358eb35bae9d8d,2017-12-15,14:03:03.595Z,,2017-12-15T14:03:03.595Z
5a2cd74cf8e3097a2fa16451,5810a31e53358eb35bae9d8d,2017-12-15,14:21:27.275Z,,2017-12-15T14:21:27.276Z
5a2cd74cf8e3097a2fa16451,5810a31e53358eb35bae9d8d,2017-12-16,01:20:51.016Z,,2017-12-16T01:20:51.017Z
5a2cd74cf8e3097a2fa16451,5810a31e53358eb35bae9d8d,2017-12-16,01:29:06.298Z,,2017-12-16T01:29:06.298Z
5a2cd74cf8e3097a2fa16451,5810a31e53358eb35bae9d8d,2017-12-16,01:29:18.594Z,,2017-12-16T01:29:18.594Z
5a2cd74cf8e3097a2fa16451,5810a31e53358eb35bae9d8d,2017-12-16,01:29:24.126Z,,2017-12-16T01:29:24.127Z
5a2cd74cf8e3097a2fa16451,5810a31e53358eb35bae9d8d,2017-12-16,01:29:33.746Z,,2017-12-16T01:29:33.746Z
5a2cd74cf8e3097a2fa16451,5810a31e53358eb35bae9d8d,2017-12-16,01:30:13.826Z,,2017-12-16T01:30:13.826Z
5a2cd74cf8e3097a2fa16451,5810a31e53358eb35bae9d8d,2017-12-16,01:34:50.424Z,,2017-12-16T01:34:50.424Z
5a2cd74cf8e3097a2fa16451,5810a31e53358eb35bae9d8d,2017-12-16,04:49:36.954Z,,2017-12-16T04:49:36.955Z
5a2cd74cf8e3097a2fa16451,5810a31e53358eb35bae9d8d,2017-12-16,05:01:43.901Z,,2017-12-16T05:01:43.902Z
5a2cd74cf8e3097a2fa16451,5810a31e53358eb35bae9d8d,2017-12-16,05:42:04.708Z,,2017-12-16T05:42:04.708Z
5a2cd74cf8e3097a2fa16451,5810a31e53358eb35bae9d8d,2017-12-16,08:37:11.611Z,,2017-12-16T08:37:11.611Z
5a2cd74cf8e3097a2fa16451,5810a31e53358eb35bae9d8d,2017-12-16,08:37:13.827Z,,2017-12-16T08:37:13.827Z
5a2cd74cf8e3097a2fa16451,5810a31e53358eb35bae9d8d,2017-12-16,08:38:39.665Z,,2017-12-16T08:38:39.665Z
5a2cd74cf8e3097a2fa16451,5810a31e53358eb35bae9d8d,2017-12-16,09:21:00.032Z,,2017-12-16T09:21:00.034Z
5a2cd74cf8e3097a2fa16451,5810a31e53358eb35bae9d8d,2017-12-16,09:21:10.327Z,,2017-12-16T09:21:10.327Z
5a2cd74cf8e3097a2fa16451,5810a31e53358eb35bae9d8d,2017-12-16,09:22:15.738Z,,2017-12-16T09:22:15.738Z
5a2cd74cf8e3097a2fa16451,5810a31e53358eb35bae9d8d,2017-12-16,09:55:51.709Z,,2017-12-16T09:55:51.710Z
5a2cd74cf8e3097a2fa16451,5810a31e53358eb35bae9d8d,2017-12-16,10:16:46.982Z,,2017-12-16T10:16:46.983Z
5a2cd74cf8e3097a2fa16451,5810a31e53358eb35bae9d8d,2017-12-16,11:19:40.547Z,,2017-12-16T11:19:40.548Z
5a2cd74cf8e3097a2fa16451,5810a31e53358eb35bae9d8d,2017-12-16,11:19:45.020Z,,2017-12-16T11:19:45.020Z
5a2cd74cf8e3097a2fa16451,5810a31e53358eb35bae9d8d,2017-12-16,11:39:34.313Z,,2017-12-16T11:39:34.314Z
5a2cd74cf8e3097a2fa16451,5810a31e53358eb35bae9d8d,2017-12-16,13:40:44.901Z,,2017-12-16T13:40:44.903Z
5a2cd74cf8e3097a2fa16451,5810a31e53358eb35bae9d8d,2017-12-17,00:35:08.594Z,,2017-12-17T00:35:08.595Z
5a2cd74cf8e3097a2fa16451,5810a31e53358eb35bae9d8d,2017-12-17,02:46:52.661Z,,2017-12-17T02:46:52.662Z
5a2cd74cf8e3097a2fa16451,5810a31e53358eb35bae9d8d,2017-12-17,02:48:01.577Z,,2017-12-17T02:48:01.577Z
5a2cd74cf8e3097a2fa16451,5810a31e53358eb35bae9d8d,2017-12-17,04:13:05.467Z,,2017-12-17T04:13:05.467Z
5a2cd74cf8e3097a2fa16451,5810a31e53358eb35bae9d8d,2017-12-17,05:29:43.024Z,,2017-12-17T05:29:43.025Z
5a2cd74cf8e3097a2fa16451,5810a31e53358eb35bae9d8d,2017-12-17,05:41:18.156Z,,2017-12-17T05:41:18.157Z
5a2cd74cf8e3097a2fa16451,5810a31e53358eb35bae9d8d,2017-12-17,06:01:12.022Z,,2017-12-17T06:01:12.022Z
5a2cd74cf8e3097a2fa16451,5810a31e53358eb35bae9d8d,2017-12-17,06:23:02.370Z,,2017-12-17T06:23:02.370Z
5a2cd74cf8e3097a2fa16451,5810a31e53358eb35bae9d8d,2017-12-17,06:23:14.233Z,,2017-12-17T06:23:14.233Z
5a2cd74cf8e3097a2fa16451,5810a31e53358eb35bae9d8d,2017-12-17,06:50:11.472Z,,2017-12-17T06:50:11.472Z
5a2cd74cf8e3097a2fa16451,5810a31e53358eb35bae9d8d,2017-12-17,07:13:59.034Z,,2017-12-17T07:13:59.034Z
5a2cd74cf8e3097a2fa16451,5810a31e53358eb35bae9d8d,2017-12-17,07:39:59.199Z,,2017-12-17T07:39:59.199Z
5a2cd74cf8e3097a2fa16451,5810a31e53358eb35bae9d8d,2017-12-17,07:47:32.161Z,,2017-12-17T07:47:32.161Z
5a2cd74cf8e3097a2fa16451,5810a31e53358eb35bae9d8d,2017-12-17,08:44:10.433Z,,2017-12-17T08:44:10.434Z
5a2cd74cf8e3097a2fa16451,5810a31e53358eb35bae9d8d,2017-12-17,08:44:15.072Z,,2017-12-17T08:44:15.072Z
5a2cd74cf8e3097a2fa16451,5810a31e53358eb35bae9d8d,2017-12-17,09:33:22.536Z,,2017-12-17T09:33:22.536Z
5a2cd74cf8e3097a2fa16451,5810a31e53358eb35bae9d8d,2017-12-17,09:49:55.450Z,,2017-12-17T09:49:55.452Z
5a2cd74cf8e3097a2fa16451,5810a31e53358eb35bae9d8d,2017-12-17,10:31:50.796Z,,2017-12-17T10:31:50.797Z
5a2cd74cf8e3097a2fa16451,5810a31e53358eb35bae9d8d,2017-12-17,10:50:39.278Z,,2017-12-17T10:50:39.279Z
5a2cd74cf8e3097a2fa16451,5810a31e53358eb35bae9d8d,2017-12-17,10:53:00.165Z,,2017-12-17T10:53:00.165Z
5a2cd74cf8e3097a2fa16451,5810a31e53358eb35bae9d8d,2017-12-17,11:18:57.423Z,,2017-12-17T11:18:57.424Z
5a2cd74cf8e3097a2fa16451,5810a31e53358eb35bae9d8d,2017-12-17,12:09:12.688Z,,2017-12-17T12:09:12.688Z
5a2cd74cf8e3097a2fa16451,5810a31e53358eb35bae9d8d,2017-12-17,12:14:00.211Z,,2017-12-17T12:14:00.211Z
5a2cd74cf8e3097a2fa16451,5810a31e53358eb35bae9d8d,2017-12-17,12:15:07.447Z,,2017-12-17T12:15:07.447Z
5a2cd74cf8e3097a2fa16451,5810a31e53358eb35bae9d8d,2017-12-17,12:18:29.270Z,,2017-12-17T12:18:29.271Z
5a2cd74cf8e3097a2fa16451,5810a31e53358eb35bae9d8d,2017-12-17,12:39:12.060Z,,2017-12-17T12:39:12.061Z
5a2cd74cf8e3097a2fa16451,5810a31e53358eb35bae9d8d,2017-12-17,12:42:29.227Z,,2017-12-17T12:42:29.227Z
5a2cd74cf8e3097a2fa16451,5810a31e53358eb35bae9d8d,2017-12-17,12:47:44.535Z,,2017-12-17T12:47:44.535Z
5a2cd74cf8e3097a2fa16451,5810a31e53358eb35bae9d8d,2017-12-18,02:49:07.473Z,,2017-12-18T02:49:07.473Z
5a2cd74cf8e3097a2fa16451,5810a31e53358eb35bae9d8d,2017-12-18,04:44:34.353Z,,2017-12-18T04:44:34.353Z
5a2cd74cf8e3097a2fa16451,5810a31e53358eb35bae9d8d,2017-12-18,05:33:03.045Z,,2017-12-18T05:33:03.046Z
5a2cd74cf8e3097a2fa16451,5810a31e53358eb35bae9d8d,2017-12-18,05:49:00.122Z,,2017-12-18T05:49:00.122Z
5a2cd74cf8e3097a2fa16451,5810a31e53358eb35bae9d8d,2017-12-18,06:50:35.739Z,,2017-12-18T06:50:35.739Z
5a2cd74cf8e3097a2fa16451,5810a31e53358eb35bae9d8d,2017-12-18,07:59:39.576Z,,2017-12-18T07:59:39.578Z
5a2cd74cf8e3097a2fa16451,5810a31e53358eb35bae9d8d,2017-12-18,08:42:33.677Z,,2017-12-18T08:42:33.678Z
5a2cd74cf8e3097a2fa16451,5810a31e53358eb35bae9d8d,2017-12-18,08:50:20.688Z,,2017-12-18T08:50:20.690Z
5a2cd74cf8e3097a2fa16451,5810a31e53358eb35bae9d8d,2017-12-18,08:50:40.855Z,,2017-12-18T08:50:40.856Z
5a2cd74cf8e3097a2fa16451,5810a31e53358eb35bae9d8d,2017-12-18,08:51:12.760Z,,2017-12-18T08:51:12.761Z
5a2cd74cf8e3097a2fa16451,5810a31e53358eb35bae9d8d,2017-12-18,08:51:13.781Z,,2017-12-18T08:51:13.781Z
5a2cd74cf8e3097a2fa16451,5810a31e53358eb35bae9d8d,2017-12-18,08:51:17.059Z,,2017-12-18T08:51:17.059Z
5a2cd74cf8e3097a2fa16451,5810a31e53358eb35bae9d8d,2017-12-18,09:16:35.225Z,,2017-12-18T09:16:35.225Z
5a2cd74cf8e3097a2fa16451,5810a31e53358eb35bae9d8d,2017-12-18,09:17:50.446Z,,2017-12-18T09:17:50.448Z
5a2cd74cf8e3097a2fa16451,5810a31e53358eb35bae9d8d,2017-12-18,09:19:32.014Z,,2017-12-18T09:19:32.015Z
5a2cd74cf8e3097a2fa16451,5810a31e53358eb35bae9d8d,2017-12-18,09:41:35.031Z,,2017-12-18T09:41:35.031Z
5a2cd74cf8e3097a2fa16451,5810a31e53358eb35bae9d8d,2017-12-18,10:22:46.903Z,,2017-12-18T10:22:46.905Z
5a2cd74cf8e3097a2fa16451,5810a31e53358eb35bae9d8d,2017-12-18,10:24:52.827Z,,2017-12-18T10:24:52.827Z
5a2cd74cf8e3097a2fa16451,5810a31e53358eb35bae9d8d,2017-12-18,10:24:53.323Z,,2017-12-18T10:24:53.324Z
5a2cd74cf8e3097a2fa16451,5810a31e53358eb35bae9d8d,2017-12-18,11:25:15.251Z,,2017-12-18T11:25:15.251Z
5a2cd74cf8e3097a2fa16451,5810a31e53358eb35bae9d8d,2017-12-18,11:58:37.936Z,,2017-12-18T11:58:37.936Z
5a2cd74cf8e3097a2fa16451,5810a31e53358eb35bae9d8d,2017-12-18,12:00:48.597Z,,2017-12-18T12:00:48.597Z
5a2cd74cf8e3097a2fa16451,5810a31e53358eb35bae9d8d,2017-12-18,12:18:31.460Z,,2017-12-18T12:18:31.461Z
5a2cd74cf8e3097a2fa16451,5810a31e53358eb35bae9d8d,2017-12-18,12:18:46.379Z,,2017-12-18T12:18:46.379Z
5a2cd74cf8e3097a2fa16451,5810a31e53358eb35bae9d8d,2017-12-18,12:19:20.516Z,,2017-12-18T12:19:20.518Z
5a2cd74cf8e3097a2fa16451,5810a31e53358eb35bae9d8d,2017-12-18,12:21:41.336Z,,2017-12-18T12:21:41.338Z
5a2cd74cf8e3097a2fa16451,5810a31e53358eb35bae9d8d,2017-12-18,12:36:41.347Z,,2017-12-18T12:36:41.348Z
5a2cd74cf8e3097a2fa16451,5810a31e53358eb35bae9d8d,2017-12-18,13:14:56.128Z,,2017-12-18T13:14:56.129Z
5a2cd74cf8e3097a2fa16451,5810a31e53358eb35bae9d8d,2017-12-18,15:36:17.170Z,,2017-12-18T15:36:17.172Z
5a2cd74cf8e3097a2fa16451,5810a31e53358eb35bae9d8d,2017-12-18,23:19:07.763Z,,2017-12-18T23:19:07.763Z
5a2cd74cf8e3097a2fa16451,5810a31e53358eb35bae9d8d,2017-12-18,23:19:33.240Z,,2017-12-18T23:19:33.240Z
5a2cd74cf8e3097a2fa16451,5810a31e53358eb35bae9d8d,2017-12-19,01:16:39.810Z,,2017-12-19T01:16:39.810Z
5a2cd74cf8e3097a2fa16451,5810a31e53358eb35bae9d8d,2017-12-19,02:07:43.833Z,,2017-12-19T02:07:43.833Z
5a2cd74cf8e3097a2fa16451,5810a31e53358eb35bae9d8d,2017-12-19,02:21:27.215Z,,2017-12-19T02:21:27.215Z
5a2cd74cf8e3097a2fa16451,5810a31e53358eb35bae9d8d,2017-12-19,03:48:02.171Z,,2017-12-19T03:48:02.171Z
5a2cd74cf8e3097a2fa16451,5810a31e53358eb35bae9d8d,2017-12-19,03:48:04.414Z,,2017-12-19T03:48:04.415Z
5a2cd74cf8e3097a2fa16451,5810a31e53358eb35bae9d8d,2017-12-19,05:11:12.891Z,,2017-12-19T05:11:12.891Z
5a2cd74cf8e3097a2fa16451,5810a31e53358eb35bae9d8d,2017-12-19,05:19:06.145Z,,2017-12-19T05:19:06.145Z
5a2cd74cf8e3097a2fa16451,5810a31e53358eb35bae9d8d,2017-12-19,05:19:08.399Z,,2017-12-19T05:19:08.399Z
5a2cd74cf8e3097a2fa16451,5810a31e53358eb35bae9d8d,2017-12-19,05:22:01.813Z,,2017-12-19T05:22:01.814Z
5a2cd74cf8e3097a2fa16451,5810a31e53358eb35bae9d8d,2017-12-19,05:22:04.098Z,,2017-12-19T05:22:04.098Z
5a2cd74cf8e3097a2fa16451,5810a31e53358eb35bae9d8d,2017-12-19,05:22:06.361Z,,2017-12-19T05:22:06.361Z
5a2cd74cf8e3097a2fa16451,5810a31e53358eb35bae9d8d,2017-12-19,05:22:41.052Z,,2017-12-19T05:22:41.052Z
5a2cd74cf8e3097a2fa16451,5810a31e53358eb35bae9d8d,2017-12-19,05:22:46.308Z,,2017-12-19T05:22:46.308Z
5a2cd74cf8e3097a2fa16451,5810a31e53358eb35bae9d8d,2017-12-19,05:48:01.337Z,,2017-12-19T05:48:01.337Z
5a2cd74cf8e3097a2fa16451,5810a31e53358eb35bae9d8d,2017-12-19,06:29:29.398Z,,2017-12-19T06:29:29.399Z
5a2cd74cf8e3097a2fa16451,5810a31e53358eb35bae9d8d,2017-12-19,06:29:54.656Z,,2017-12-19T06:29:54.657Z
5a2cd74cf8e3097a2fa16451,5810a31e53358eb35bae9d8d,2017-12-19,06:30:00.290Z,,2017-12-19T06:30:00.291Z
5a2cd74cf8e3097a2fa16451,5810a31e53358eb35bae9d8d,2017-12-19,06:50:54.999Z,,2017-12-19T06:50:54.999Z
5a2cd74cf8e3097a2fa16451,5810a31e53358eb35bae9d8d,2017-12-19,07:41:07.771Z,,2017-12-19T07:41:07.771Z
5a2cd74cf8e3097a2fa16451,5810a31e53358eb35bae9d8d,2017-12-19,07:48:04.820Z,,2017-12-19T07:48:04.823Z
5a2cd74cf8e3097a2fa16451,5810a31e53358eb35bae9d8d,2017-12-19,08:21:56.332Z,,2017-12-19T08:21:56.333Z
5a2cd74cf8e3097a2fa16451,5810a31e53358eb35bae9d8d,2017-12-19,08:22:03.658Z,,2017-12-19T08:22:03.658Z
5a2cd74cf8e3097a2fa16451,5810a31e53358eb35bae9d8d,2017-12-19,08:23:14.714Z,,2017-12-19T08:23:14.714Z
5a2cd74cf8e3097a2fa16451,5810a31e53358eb35bae9d8d,2017-12-19,08:52:19.368Z,,2017-12-19T08:52:19.370Z
5a2cd74cf8e3097a2fa16451,5810a31e53358eb35bae9d8d,2017-12-19,09:40:57.966Z,,2017-12-19T09:40:57.966Z
5a2cd74cf8e3097a2fa16451,5810a31e53358eb35bae9d8d,2017-12-19,10:27:41.557Z,,2017-12-19T10:27:41.557Z
5a2cd74cf8e3097a2fa16451,5810a31e53358eb35bae9d8d,2017-12-19,13:32:59.775Z,,2017-12-19T13:32:59.778Z
5a2cd74cf8e3097a2fa16451,5810a31e53358eb35bae9d8d,2017-12-20,03:01:46.901Z,,2017-12-20T03:01:46.902Z
5a2cd74cf8e3097a2fa16451,5810a31e53358eb35bae9d8d,2017-12-20,03:21:31.121Z,,2017-12-20T03:21:31.121Z
5a2cd74cf8e3097a2fa16451,5810a31e53358eb35bae9d8d,2017-12-20,03:22:03.756Z,,2017-12-20T03:22:03.756Z
5a2cd74cf8e3097a2fa16451,5810a31e53358eb35bae9d8d,2017-12-20,04:19:26.369Z,,2017-12-20T04:19:26.369Z
5a2cd74cf8e3097a2fa16451,5810a31e53358eb35bae9d8d,2017-12-20,04:24:10.036Z,,2017-12-20T04:24:10.037Z
5a2cd74cf8e3097a2fa16451,5810a31e53358eb35bae9d8d,2017-12-20,04:32:37.490Z,,2017-12-20T04:32:37.491Z
5a2cd74cf8e3097a2fa16451,5810a31e53358eb35bae9d8d,2017-12-20,04:32:37.715Z,,2017-12-20T04:32:37.716Z
5a2cd74cf8e3097a2fa16451,5810a31e53358eb35bae9d8d,2017-12-20,04:32:37.943Z,,2017-12-20T04:32:37.943Z
5a2cd74cf8e3097a2fa16451,5810a31e53358eb35bae9d8d,2017-12-20,04:32:38.168Z,,2017-12-20T04:32:38.169Z
5a2cd74cf8e3097a2fa16451,5810a31e53358eb35bae9d8d,2017-12-20,04:32:38.378Z,,2017-12-20T04:32:38.378Z
5a2cd74cf8e3097a2fa16451,5810a31e53358eb35bae9d8d,2017-12-20,04:41:43.860Z,,2017-12-20T04:41:43.860Z
5a2cd74cf8e3097a2fa16451,5810a31e53358eb35bae9d8d,2017-12-20,06:04:41.448Z,,2017-12-20T06:04:41.448Z
5a2cd74cf8e3097a2fa16451,5810a31e53358eb35bae9d8d,2017-12-20,06:56:47.184Z,,2017-12-20T06:56:47.185Z
5a2cd74cf8e3097a2fa16451,5810a31e53358eb35bae9d8d,2017-12-20,07:02:27.638Z,,2017-12-20T07:02:27.638Z
5a2cd74cf8e3097a2fa16451,5810a31e53358eb35bae9d8d,2017-12-20,07:14:52.403Z,,2017-12-20T07:14:52.403Z
5a2cd74cf8e3097a2fa16451,5810a31e53358eb35bae9d8d,2017-12-20,07:16:53.480Z,,2017-12-20T07:16:53.480Z
5a2cd74cf8e3097a2fa16451,5810a31e53358eb35bae9d8d,2017-12-20,08:34:36.185Z,,2017-12-20T08:34:36.185Z
5a2cd74cf8e3097a2fa16451,5810a31e53358eb35bae9d8d,2017-12-20,08:55:06.798Z,,2017-12-20T08:55:06.799Z
5a2cd74cf8e3097a2fa16451,5810a31e53358eb35bae9d8d,2017-12-20,09:56:06.947Z,,2017-12-20T09:56:06.947Z
5a2cd74cf8e3097a2fa16451,5810a31e53358eb35bae9d8d,2017-12-20,10:29:45.629Z,,2017-12-20T10:29:45.629Z
5a2cd74cf8e3097a2fa16451,5810a31e53358eb35bae9d8d,2017-12-20,10:34:10.709Z,,2017-12-20T10:34:10.709Z
5a2cd74cf8e3097a2fa16451,5810a31e53358eb35bae9d8d,2017-12-20,11:50:21.131Z,,2017-12-20T11:50:21.133Z
5a2cd74cf8e3097a2fa16451,5810a31e53358eb35bae9d8d,2017-12-20,12:22:52.992Z,,2017-12-20T12:22:52.993Z
5a2cd74cf8e3097a2fa16451,5810a31e53358eb35bae9d8d,2017-12-20,12:59:08.353Z,,2017-12-20T12:59:08.354Z
5a2cd74cf8e3097a2fa16451,5810a31e53358eb35bae9d8d,2017-12-20,14:05:51.977Z,,2017-12-20T14:05:51.977Z
5a2cd74cf8e3097a2fa16451,5810a31e53358eb35bae9d8d,2017-12-20,14:34:14.877Z,,2017-12-20T14:34:14.878Z
5a2cd74cf8e3097a2fa16451,5810a31e53358eb35bae9d8d,2017-12-21,02:43:44.487Z,,2017-12-21T02:43:44.487Z
5a2cd74cf8e3097a2fa16451,5810a31e53358eb35bae9d8d,2017-12-21,06:10:12.244Z,,2017-12-21T06:10:12.244Z
5a2cd74cf8e3097a2fa16451,5810a31e53358eb35bae9d8d,2017-12-21,06:28:33.466Z,,2017-12-21T06:28:33.468Z
5a2cd74cf8e3097a2fa16451,5810a31e53358eb35bae9d8d,2017-12-21,06:28:36.158Z,,2017-12-21T06:28:36.159Z
5a2cd74cf8e3097a2fa16451,5810a31e53358eb35bae9d8d,2017-12-21,07:18:46.303Z,,2017-12-21T07:18:46.304Z
5a2cd74cf8e3097a2fa16451,5810a31e53358eb35bae9d8d,2017-12-21,07:38:32.027Z,,2017-12-21T07:38:32.028Z
5a2cd74cf8e3097a2fa16451,5810a31e53358eb35bae9d8d,2017-12-21,07:42:08.567Z,,2017-12-21T07:42:08.567Z
5a2cd74cf8e3097a2fa16451,5810a31e53358eb35bae9d8d,2017-12-21,08:28:34.716Z,,2017-12-21T08:28:34.717Z
5a2cd74cf8e3097a2fa16451,5810a31e53358eb35bae9d8d,2017-12-21,09:18:03.482Z,,2017-12-21T09:18:03.482Z
5a2cd74cf8e3097a2fa16451,5810a31e53358eb35bae9d8d,2017-12-21,09:18:05.672Z,,2017-12-21T09:18:05.672Z
5a2cd74cf8e3097a2fa16451,5810a31e53358eb35bae9d8d,2017-12-21,09:58:26.758Z,,2017-12-21T09:58:26.758Z
5a2cd74cf8e3097a2fa16451,5810a31e53358eb35bae9d8d,2017-12-21,10:04:33.361Z,,2017-12-21T10:04:33.361Z
5a2cd74cf8e3097a2fa16451,5810a31e53358eb35bae9d8d,2017-12-21,10:04:44.222Z,,2017-12-21T10:04:44.224Z
5a2cd74cf8e3097a2fa16451,5810a31e53358eb35bae9d8d,2017-12-21,10:05:16.991Z,,2017-12-21T10:05:16.992Z
5a2cd74cf8e3097a2fa16451,5810a31e53358eb35bae9d8d,2017-12-21,10:11:11.685Z,,2017-12-21T10:11:11.685Z
5a2cd74cf8e3097a2fa16451,5810a31e53358eb35bae9d8d,2017-12-21,10:42:22.610Z,,2017-12-21T10:42:22.610Z
5a2cd74cf8e3097a2fa16451,5810a31e53358eb35bae9d8d,2017-12-21,11:17:42.568Z,,2017-12-21T11:17:42.569Z
5a2cd74cf8e3097a2fa16451,5810a31e53358eb35bae9d8d,2017-12-21,11:40:11.899Z,,2017-12-21T11:40:11.899Z
5a2cd74cf8e3097a2fa16451,5810a31e53358eb35bae9d8d,2017-12-21,12:10:34.016Z,,2017-12-21T12:10:34.016Z
5a2cd74cf8e3097a2fa16451,5810a31e53358eb35bae9d8d,2017-12-21,12:50:22.505Z,,2017-12-21T12:50:22.505Z
5a2cd74cf8e3097a2fa16451,5810a31e53358eb35bae9d8d,2017-12-21,13:38:31.504Z,,2017-12-21T13:38:31.504Z
5a2cd74cf8e3097a2fa16451,5810a31e53358eb35bae9d8d,2017-12-21,14:03:01.841Z,,2017-12-21T14:03:01.841Z
5a2cd74cf8e3097a2fa16451,5810a31e53358eb35bae9d8d,2017-12-21,14:39:03.631Z,,2017-12-21T14:39:03.631Z
5a2cd74cf8e3097a2fa16451,5810a31e53358eb35bae9d8d,2017-12-21,14:39:07.734Z,,2017-12-21T14:39:07.734Z
5a2cd74cf8e3097a2fa16451,5810a31e53358eb35bae9d8d,2017-12-21,14:39:10.917Z,,2017-12-21T14:39:10.917Z
5a2cd74cf8e3097a2fa16451,5810a31e53358eb35bae9d8d,2017-12-21,14:39:14.603Z,,2017-12-21T14:39:14.604Z
5a2cd74cf8e3097a2fa16451,5810a31e53358eb35bae9d8d,2017-12-21,14:39:16.609Z,,2017-12-21T14:39:16.610Z
5a2cd74cf8e3097a2fa16451,5810a31e53358eb35bae9d8d,2017-12-21,14:39:19.482Z,,2017-12-21T14:39:19.482Z
5a2cd74cf8e3097a2fa16451,5810a31e53358eb35bae9d8d,2017-12-21,14:42:35.724Z,,2017-12-21T14:42:35.724Z
5a2cd74cf8e3097a2fa16451,5810a31e53358eb35bae9d8d,2017-12-21,14:48:38.062Z,,2017-12-21T14:48:38.062Z
5a2cd74cf8e3097a2fa16451,5810a31e53358eb35bae9d8d,2017-12-21,14:48:48.782Z,,2017-12-21T14:48:48.782Z
5a2cd74cf8e3097a2fa16451,5810a31e53358eb35bae9d8d,2017-12-22,01:05:37.418Z,,2017-12-22T01:05:37.418Z
5a2cd74cf8e3097a2fa16451,5810a31e53358eb35bae9d8d,2017-12-22,02:49:27.127Z,,2017-12-22T02:49:27.128Z
5a2cd74cf8e3097a2fa16451,5810a31e53358eb35bae9d8d,2017-12-22,03:22:16.606Z,,2017-12-22T03:22:16.606Z
5a2cd74cf8e3097a2fa16451,5810a31e53358eb35bae9d8d,2017-12-22,03:38:59.576Z,,2017-12-22T03:38:59.576Z
5a2cd74cf8e3097a2fa16451,5810a31e53358eb35bae9d8d,2017-12-22,10:11:16.082Z,,2017-12-22T10:11:16.082Z
5a2cd74cf8e3097a2fa16451,5810a31e53358eb35bae9d8d,2017-12-22,11:51:52.399Z,,2017-12-22T11:51:52.399Z
5a2cd74cf8e3097a2fa16451,5810a31e53358eb35bae9d8d,2017-12-22,11:52:33.584Z,,2017-12-22T11:52:33.585Z
5a2cd74cf8e3097a2fa16451,5810a31e53358eb35bae9d8d,2017-12-22,12:11:14.849Z,,2017-12-22T12:11:14.849Z
5a2cd74cf8e3097a2fa16451,5810a31e53358eb35bae9d8d,2017-12-22,13:39:52.333Z,,2017-12-22T13:39:52.334Z
5a2cd74cf8e3097a2fa16451,5810a31e53358eb35bae9d8d,2017-12-22,13:41:10.416Z,,2017-12-22T13:41:10.416Z
5a2cd74cf8e3097a2fa16451,5810a31e53358eb35bae9d8d,2017-12-22,14:31:05.010Z,,2017-12-22T14:31:05.011Z
5a2cd74cf8e3097a2fa16451,5810a31e53358eb35bae9d8d,2017-12-22,14:40:04.767Z,,2017-12-22T14:40:04.767Z
5a2cd74cf8e3097a2fa16451,5810a31e53358eb35bae9d8d,2017-12-22,22:37:26.027Z,,2017-12-22T22:37:26.028Z
5a2cd74cf8e3097a2fa16451,5810a31e53358eb35bae9d8d,2017-12-23,01:48:00.997Z,,2017-12-23T01:48:00.998Z
5a2cd74cf8e3097a2fa16451,5810a31e53358eb35bae9d8d,2017-12-23,03:05:09.176Z,,2017-12-23T03:05:09.176Z
5a2cd74cf8e3097a2fa16451,5810a31e53358eb35bae9d8d,2017-12-23,04:12:05.408Z,,2017-12-23T04:12:05.408Z
5a2cd74cf8e3097a2fa16451,5810a31e53358eb35bae9d8d,2017-12-23,05:40:25.278Z,,2017-12-23T05:40:25.280Z
5a2cd74cf8e3097a2fa16451,5810a31e53358eb35bae9d8d,2017-12-23,05:40:30.421Z,,2017-12-23T05:40:30.421Z
5a2cd74cf8e3097a2fa16451,5810a31e53358eb35bae9d8d,2017-12-23,05:40:49.138Z,,2017-12-23T05:40:49.138Z
5a2cd74cf8e3097a2fa16451,5810a31e53358eb35bae9d8d,2017-12-23,05:54:36.291Z,,2017-12-23T05:54:36.292Z
5a2cd74cf8e3097a2fa16451,5810a31e53358eb35bae9d8d,2017-12-23,08:18:24.781Z,,2017-12-23T08:18:24.782Z
5a2cd74cf8e3097a2fa16451,5810a31e53358eb35bae9d8d,2017-12-23,08:19:04.046Z,,2017-12-23T08:19:04.046Z
5a2cd74cf8e3097a2fa16451,5810a31e53358eb35bae9d8d,2017-12-23,08:25:07.039Z,,2017-12-23T08:25:07.039Z
5a2cd74cf8e3097a2fa16451,5810a31e53358eb35bae9d8d,2017-12-23,08:26:00.293Z,,2017-12-23T08:26:00.294Z
5a2cd74cf8e3097a2fa16451,5810a31e53358eb35bae9d8d,2017-12-23,08:29:30.720Z,,2017-12-23T08:29:30.721Z
5a2cd74cf8e3097a2fa16451,5810a31e53358eb35bae9d8d,2017-12-23,08:48:49.768Z,,2017-12-23T08:48:49.768Z
5a2cd74cf8e3097a2fa16451,5810a31e53358eb35bae9d8d,2017-12-23,09:32:06.885Z,,2017-12-23T09:32:06.886Z
5a2cd74cf8e3097a2fa16451,5810a31e53358eb35bae9d8d,2017-12-23,11:23:48.433Z,,2017-12-23T11:23:48.434Z
5a2cd74cf8e3097a2fa16451,5810a31e53358eb35bae9d8d,2017-12-23,11:38:37.732Z,,2017-12-23T11:38:37.732Z
5a2cd74cf8e3097a2fa16451,5810a31e53358eb35bae9d8d,2017-12-24,23:34:36.975Z,,2017-12-24T23:34:36.975Z
5a2cd74cf8e3097a2fa16451,5810a31e53358eb35bae9d8d,2017-12-25,03:56:27.798Z,,2017-12-25T03:56:27.799Z
5a2cd74cf8e3097a2fa16451,5810a31e53358eb35bae9d8d,2017-12-25,04:15:38.276Z,,2017-12-25T04:15:38.276Z
5a2cd74cf8e3097a2fa16451,5810a31e53358eb35bae9d8d,2017-12-25,04:21:37.242Z,,2017-12-25T04:21:37.243Z
5a2cd74cf8e3097a2fa16451,5810a31e53358eb35bae9d8d,2017-12-25,05:33:48.744Z,,2017-12-25T05:33:48.745Z
5a2cd74cf8e3097a2fa16451,5810a31e53358eb35bae9d8d,2017-12-25,05:47:38.040Z,,2017-12-25T05:47:38.040Z
5a2cd74cf8e3097a2fa16451,5810a31e53358eb35bae9d8d,2017-12-25,06:58:48.232Z,,2017-12-25T06:58:48.232Z
5a2cd74cf8e3097a2fa16451,5810a31e53358eb35bae9d8d,2017-12-25,07:00:02.545Z,,2017-12-25T07:00:02.545Z
5a2cd74cf8e3097a2fa16451,5810a31e53358eb35bae9d8d,2017-12-25,07:25:02.136Z,,2017-12-25T07:25:02.137Z
5a2cd74cf8e3097a2fa16451,5810a31e53358eb35bae9d8d,2017-12-25,08:05:48.435Z,,2017-12-25T08:05:48.435Z
5a2cd74cf8e3097a2fa16451,5810a31e53358eb35bae9d8d,2017-12-25,08:07:18.540Z,,2017-12-25T08:07:18.541Z
5a2cd74cf8e3097a2fa16451,5810a31e53358eb35bae9d8d,2017-12-25,09:19:48.611Z,,2017-12-25T09:19:48.612Z
5a2cd74cf8e3097a2fa16451,5810a31e53358eb35bae9d8d,2017-12-25,09:49:19.601Z,,2017-12-25T09:49:19.601Z
5a2cd74cf8e3097a2fa16451,5810a31e53358eb35bae9d8d,2017-12-25,09:51:29.654Z,,2017-12-25T09:51:29.654Z
5a2cd74cf8e3097a2fa16451,5810a31e53358eb35bae9d8d,2017-12-25,09:58:07.887Z,,2017-12-25T09:58:07.887Z
5a2cd74cf8e3097a2fa16451,5810a31e53358eb35bae9d8d,2017-12-25,10:35:06.831Z,,2017-12-25T10:35:06.831Z
5a2cd74cf8e3097a2fa16451,5810a31e53358eb35bae9d8d,2017-12-25,10:37:18.477Z,,2017-12-25T10:37:18.477Z
5a2cd74cf8e3097a2fa16451,5810a31e53358eb35bae9d8d,2017-12-25,10:37:38.062Z,,2017-12-25T10:37:38.062Z
5a2cd74cf8e3097a2fa16451,5810a31e53358eb35bae9d8d,2017-12-25,10:38:16.561Z,,2017-12-25T10:38:16.561Z
5a2cd74cf8e3097a2fa16451,5810a31e53358eb35bae9d8d,2017-12-25,10:42:08.619Z,,2017-12-25T10:42:08.619Z
5a2cd74cf8e3097a2fa16451,5810a31e53358eb35bae9d8d,2017-12-25,11:52:16.901Z,,2017-12-25T11:52:16.901Z
5a2cd74cf8e3097a2fa16451,5810a31e53358eb35bae9d8d,2017-12-26,02:12:42.777Z,,2017-12-26T02:12:42.778Z
5a2cd74cf8e3097a2fa16451,5810a31e53358eb35bae9d8d,2017-12-26,02:18:19.751Z,,2017-12-26T02:18:19.751Z
5a2cd74cf8e3097a2fa16451,5810a31e53358eb35bae9d8d,2017-12-26,02:24:34.958Z,,2017-12-26T02:24:34.960Z
5a2cd74cf8e3097a2fa16451,5810a31e53358eb35bae9d8d,2017-12-26,04:46:34.644Z,,2017-12-26T04:46:34.644Z
5a2cd74cf8e3097a2fa16451,5810a31e53358eb35bae9d8d,2017-12-26,04:59:16.158Z,,2017-12-26T04:59:16.159Z
5a2cd74cf8e3097a2fa16451,5810a31e53358eb35bae9d8d,2017-12-26,05:44:42.378Z,,2017-12-26T05:44:42.378Z
5a2cd74cf8e3097a2fa16451,5810a31e53358eb35bae9d8d,2017-12-26,05:44:45.366Z,,2017-12-26T05:44:45.366Z
5a2cd74cf8e3097a2fa16451,5810a31e53358eb35bae9d8d,2017-12-26,05:48:19.056Z,,2017-12-26T05:48:19.056Z
5a2cd74cf8e3097a2fa16451,5810a31e53358eb35bae9d8d,2017-12-26,06:01:56.089Z,,2017-12-26T06:01:56.091Z
5a2cd74cf8e3097a2fa16451,5810a31e53358eb35bae9d8d,2017-12-26,06:01:58.228Z,,2017-12-26T06:01:58.228Z
5a2cd74cf8e3097a2fa16451,5810a31e53358eb35bae9d8d,2017-12-26,06:19:26.540Z,,2017-12-26T06:19:26.541Z
5a2cd74cf8e3097a2fa16451,5810a31e53358eb35bae9d8d,2017-12-26,06:21:25.743Z,,2017-12-26T06:21:25.745Z
5a2cd74cf8e3097a2fa16451,5810a31e53358eb35bae9d8d,2017-12-26,06:26:13.564Z,,2017-12-26T06:26:13.566Z
5a2cd74cf8e3097a2fa16451,5810a31e53358eb35bae9d8d,2017-12-26,06:27:12.873Z,,2017-12-26T06:27:12.873Z
5a2cd74cf8e3097a2fa16451,5810a31e53358eb35bae9d8d,2017-12-26,06:27:25.414Z,,2017-12-26T06:27:25.414Z
5a2cd74cf8e3097a2fa16451,5810a31e53358eb35bae9d8d,2017-12-26,06:27:41.072Z,,2017-12-26T06:27:41.072Z
5a2cd74cf8e3097a2fa16451,5810a31e53358eb35bae9d8d,2017-12-26,06:27:45.253Z,,2017-12-26T06:27:45.253Z
5a2cd74cf8e3097a2fa16451,5810a31e53358eb35bae9d8d,2017-12-26,06:27:50.587Z,,2017-12-26T06:27:50.587Z
5a2cd74cf8e3097a2fa16451,5810a31e53358eb35bae9d8d,2017-12-26,06:27:52.153Z,,2017-12-26T06:27:52.155Z
5a2cd74cf8e3097a2fa16451,5810a31e53358eb35bae9d8d,2017-12-26,06:27:53.772Z,,2017-12-26T06:27:53.772Z
5a2cd74cf8e3097a2fa16451,5810a31e53358eb35bae9d8d,2017-12-26,06:27:55.960Z,,2017-12-26T06:27:55.960Z
5a2cd74cf8e3097a2fa16451,5810a31e53358eb35bae9d8d,2017-12-26,06:27:57.481Z,,2017-12-26T06:27:57.481Z
5a2cd74cf8e3097a2fa16451,5810a31e53358eb35bae9d8d,2017-12-26,06:27:59.357Z,,2017-12-26T06:27:59.358Z
5a2cd74cf8e3097a2fa16451,5810a31e53358eb35bae9d8d,2017-12-26,06:28:00.937Z,,2017-12-26T06:28:00.937Z
5a2cd74cf8e3097a2fa16451,5810a31e53358eb35bae9d8d,2017-12-26,06:28:02.536Z,,2017-12-26T06:28:02.536Z
5a2cd74cf8e3097a2fa16451,5810a31e53358eb35bae9d8d,2017-12-26,06:28:03.853Z,,2017-12-26T06:28:03.853Z
5a2cd74cf8e3097a2fa16451,5810a31e53358eb35bae9d8d,2017-12-26,06:28:04.980Z,,2017-12-26T06:28:04.981Z
5a2cd74cf8e3097a2fa16451,5810a31e53358eb35bae9d8d,2017-12-26,06:28:06.271Z,,2017-12-26T06:28:06.272Z
5a2cd74cf8e3097a2fa16451,5810a31e53358eb35bae9d8d,2017-12-26,06:28:07.701Z,,2017-12-26T06:28:07.701Z
5a2cd74cf8e3097a2fa16451,5810a31e53358eb35bae9d8d,2017-12-26,06:28:08.928Z,,2017-12-26T06:28:08.929Z
5a2cd74cf8e3097a2fa16451,5810a31e53358eb35bae9d8d,2017-12-26,06:28:10.513Z,,2017-12-26T06:28:10.514Z
5a2cd74cf8e3097a2fa16451,5810a31e53358eb35bae9d8d,2017-12-26,06:28:12.156Z,,2017-12-26T06:28:12.156Z
5a2cd74cf8e3097a2fa16451,5810a31e53358eb35bae9d8d,2017-12-26,06:28:14.389Z,,2017-12-26T06:28:14.389Z
5a2cd74cf8e3097a2fa16451,5810a31e53358eb35bae9d8d,2017-12-26,06:28:18.371Z,,2017-12-26T06:28:18.372Z
5a2cd74cf8e3097a2fa16451,5810a31e53358eb35bae9d8d,2017-12-26,06:28:20.588Z,,2017-12-26T06:28:20.588Z
5a2cd74cf8e3097a2fa16451,5810a31e53358eb35bae9d8d,2017-12-26,06:28:21.963Z,,2017-12-26T06:28:21.963Z
5a2cd74cf8e3097a2fa16451,5810a31e53358eb35bae9d8d,2017-12-26,06:28:23.102Z,,2017-12-26T06:28:23.104Z
5a2cd74cf8e3097a2fa16451,5810a31e53358eb35bae9d8d,2017-12-26,06:28:24.570Z,,2017-12-26T06:28:24.571Z
5a2cd74cf8e3097a2fa16451,5810a31e53358eb35bae9d8d,2017-12-26,06:28:25.703Z,,2017-12-26T06:28:25.704Z
5a2cd74cf8e3097a2fa16451,5810a31e53358eb35bae9d8d,2017-12-26,06:28:29.518Z,,2017-12-26T06:28:29.518Z
5a2cd74cf8e3097a2fa16451,5810a31e53358eb35bae9d8d,2017-12-26,06:28:31.108Z,,2017-12-26T06:28:31.108Z
5a2cd74cf8e3097a2fa16451,5810a31e53358eb35bae9d8d,2017-12-26,06:28:32.697Z,,2017-12-26T06:28:32.698Z
5a2cd74cf8e3097a2fa16451,5810a31e53358eb35bae9d8d,2017-12-26,06:28:52.674Z,,2017-12-26T06:28:52.675Z
5a2cd74cf8e3097a2fa16451,5810a31e53358eb35bae9d8d,2017-12-26,06:28:55.352Z,,2017-12-26T06:28:55.353Z
5a2cd74cf8e3097a2fa16451,5810a31e53358eb35bae9d8d,2017-12-26,06:28:57.507Z,,2017-12-26T06:28:57.507Z
5a2cd74cf8e3097a2fa16451,5810a31e53358eb35bae9d8d,2017-12-26,06:28:58.657Z,,2017-12-26T06:28:58.657Z
5a2cd74cf8e3097a2fa16451,5810a31e53358eb35bae9d8d,2017-12-26,06:29:00.522Z,,2017-12-26T06:29:00.522Z
5a2cd74cf8e3097a2fa16451,5810a31e53358eb35bae9d8d,2017-12-26,06:29:01.977Z,,2017-12-26T06:29:01.977Z
5a2cd74cf8e3097a2fa16451,5810a31e53358eb35bae9d8d,2017-12-26,06:29:03.032Z,,2017-12-26T06:29:03.032Z
5a2cd74cf8e3097a2fa16451,5810a31e53358eb35bae9d8d,2017-12-26,06:29:05.811Z,,2017-12-26T06:29:05.813Z
5a2cd74cf8e3097a2fa16451,5810a31e53358eb35bae9d8d,2017-12-26,06:29:07.558Z,,2017-12-26T06:29:07.558Z
5a2cd74cf8e3097a2fa16451,5810a31e53358eb35bae9d8d,2017-12-26,06:29:24.737Z,,2017-12-26T06:29:24.737Z
5a2cd74cf8e3097a2fa16451,5810a31e53358eb35bae9d8d,2017-12-26,06:29:26.208Z,,2017-12-26T06:29:26.208Z
5a2cd74cf8e3097a2fa16451,5810a31e53358eb35bae9d8d,2017-12-26,06:29:27.416Z,,2017-12-26T06:29:27.417Z
5a2cd74cf8e3097a2fa16451,5810a31e53358eb35bae9d8d,2017-12-26,06:29:28.922Z,,2017-12-26T06:29:28.922Z
5a2cd74cf8e3097a2fa16451,5810a31e53358eb35bae9d8d,2017-12-26,06:29:30.281Z,,2017-12-26T06:29:30.282Z
5a2cd74cf8e3097a2fa16451,5810a31e53358eb35bae9d8d,2017-12-26,06:29:32.673Z,,2017-12-26T06:29:32.673Z
5a2cd74cf8e3097a2fa16451,5810a31e53358eb35bae9d8d,2017-12-26,06:29:43.431Z,,2017-12-26T06:29:43.432Z
5a2cd74cf8e3097a2fa16451,5810a31e53358eb35bae9d8d,2017-12-26,06:29:45.963Z,,2017-12-26T06:29:45.963Z
5a2cd74cf8e3097a2fa16451,5810a31e53358eb35bae9d8d,2017-12-26,06:29:47.552Z,,2017-12-26T06:29:47.552Z
5a2cd74cf8e3097a2fa16451,5810a31e53358eb35bae9d8d,2017-12-26,06:29:49.936Z,,2017-12-26T06:29:49.937Z
5a2cd74cf8e3097a2fa16451,5810a31e53358eb35bae9d8d,2017-12-26,06:29:55.331Z,,2017-12-26T06:29:55.331Z
5a2cd74cf8e3097a2fa16451,5810a31e53358eb35bae9d8d,2017-12-26,06:30:04.698Z,,2017-12-26T06:30:04.699Z
5a2cd74cf8e3097a2fa16451,5810a31e53358eb35bae9d8d,2017-12-26,06:30:08.044Z,,2017-12-26T06:30:08.044Z
5a2cd74cf8e3097a2fa16451,5810a31e53358eb35bae9d8d,2017-12-26,06:30:37.694Z,,2017-12-26T06:30:37.694Z
5a2cd74cf8e3097a2fa16451,5810a31e53358eb35bae9d8d,2017-12-26,06:30:39.433Z,,2017-12-26T06:30:39.433Z
5a2cd74cf8e3097a2fa16451,5810a31e53358eb35bae9d8d,2017-12-26,06:30:40.482Z,,2017-12-26T06:30:40.482Z
5a2cd74cf8e3097a2fa16451,5810a31e53358eb35bae9d8d,2017-12-26,06:30:59.159Z,,2017-12-26T06:30:59.159Z
5a2cd74cf8e3097a2fa16451,5810a31e53358eb35bae9d8d,2017-12-26,07:20:56.951Z,,2017-12-26T07:20:56.952Z
5a2cd74cf8e3097a2fa16451,5810a31e53358eb35bae9d8d,2017-12-26,07:32:02.247Z,,2017-12-26T07:32:02.248Z
5a2cd74cf8e3097a2fa16451,5810a31e53358eb35bae9d8d,2017-12-26,07:41:51.624Z,,2017-12-26T07:41:51.625Z
5a2cd74cf8e3097a2fa16451,5810a31e53358eb35bae9d8d,2017-12-26,07:56:39.388Z,,2017-12-26T07:56:39.390Z
5a2cd74cf8e3097a2fa16451,5810a31e53358eb35bae9d8d,2017-12-26,08:52:25.565Z,,2017-12-26T08:52:25.566Z
5a2cd74cf8e3097a2fa16451,5810a31e53358eb35bae9d8d,2017-12-26,11:31:32.874Z,,2017-12-26T11:31:32.874Z
5a2cd74cf8e3097a2fa16451,5810a31e53358eb35bae9d8d,2017-12-26,12:09:53.746Z,,2017-12-26T12:09:53.747Z
5a2cd74cf8e3097a2fa16451,5810a31e53358eb35bae9d8d,2017-12-26,12:49:16.374Z,,2017-12-26T12:49:16.374Z
5a2cd74cf8e3097a2fa16451,5810a31e53358eb35bae9d8d,2017-12-27,01:24:09.684Z,,2017-12-27T01:24:09.685Z
5a2cd74cf8e3097a2fa16451,5810a31e53358eb35bae9d8d,2017-12-27,02:36:18.146Z,,2017-12-27T02:36:18.148Z
5a2cd74cf8e3097a2fa16451,5810a31e53358eb35bae9d8d,2017-12-27,04:09:34.944Z,,2017-12-27T04:09:34.944Z
5a2cd74cf8e3097a2fa16451,5810a31e53358eb35bae9d8d,2017-12-27,07:41:36.540Z,,2017-12-27T07:41:36.541Z
5a2cd74cf8e3097a2fa16451,5810a31e53358eb35bae9d8d,2017-12-27,09:35:53.916Z,,2017-12-27T09:35:53.918Z
5a2cd74cf8e3097a2fa16451,5810a31e53358eb35bae9d8d,2017-12-27,11:14:56.367Z,,2017-12-27T11:14:56.367Z
5a2cd74cf8e3097a2fa16451,5810a31e53358eb35bae9d8d,2017-12-27,11:56:48.971Z,,2017-12-27T11:56:48.971Z
5a2cd74cf8e3097a2fa16451,5810a31e53358eb35bae9d8d,2017-12-28,00:35:26.530Z,,2017-12-28T00:35:26.531Z
5a2cd74cf8e3097a2fa16451,5810a31e53358eb35bae9d8d,2017-12-28,01:18:05.407Z,,2017-12-28T01:18:05.407Z
5a2cd74cf8e3097a2fa16451,5810a31e53358eb35bae9d8d,2017-12-28,02:14:09.640Z,,2017-12-28T02:14:09.641Z
5a2cd74cf8e3097a2fa16451,5810a31e53358eb35bae9d8d,2017-12-28,02:38:14.449Z,,2017-12-28T02:38:14.449Z
5a2cd74cf8e3097a2fa16451,5810a31e53358eb35bae9d8d,2017-12-28,02:58:42.473Z,,2017-12-28T02:58:42.474Z
5a2cd74cf8e3097a2fa16451,5810a31e53358eb35bae9d8d,2017-12-28,03:39:33.273Z,,2017-12-28T03:39:33.274Z
5a2cd74cf8e3097a2fa16451,5810a31e53358eb35bae9d8d,2017-12-28,09:19:28.563Z,,2017-12-28T09:19:28.563Z
5a2cd74cf8e3097a2fa16451,5810a31e53358eb35bae9d8d,2017-12-28,11:21:00.936Z,,2017-12-28T11:21:00.937Z
5a2cd74cf8e3097a2fa16451,5810a31e53358eb35bae9d8d,2017-12-29,00:36:20.986Z,,2017-12-29T00:36:20.987Z
5a2cd74cf8e3097a2fa16451,5810a31e53358eb35bae9d8d,2017-12-29,03:06:58.724Z,,2017-12-29T03:06:58.725Z
5a2cd74cf8e3097a2fa16451,5810a31e53358eb35bae9d8d,2017-12-29,06:17:52.421Z,,2017-12-29T06:17:52.421Z
5a2cd74cf8e3097a2fa16451,5810a31e53358eb35bae9d8d,2017-12-29,07:19:32.719Z,,2017-12-29T07:19:32.720Z
5a2cd74cf8e3097a2fa16451,5810a31e53358eb35bae9d8d,2017-12-29,09:41:08.977Z,,2017-12-29T09:41:08.978Z
5a2cd74cf8e3097a2fa16451,5810a31e53358eb35bae9d8d,2017-12-29,09:45:46.946Z,,2017-12-29T09:45:46.946Z
5a2cd74cf8e3097a2fa16451,5810a31e53358eb35bae9d8d,2017-12-29,10:53:47.079Z,,2017-12-29T10:53:47.080Z
5a2cd74cf8e3097a2fa16451,5810a31e53358eb35bae9d8d,2017-12-29,12:25:22.435Z,,2017-12-29T12:25:22.435Z
5a2cd74cf8e3097a2fa16451,5810a31e53358eb35bae9d8d,2017-12-29,12:25:28.404Z,,2017-12-29T12:25:28.405Z
5a2cd74cf8e3097a2fa16451,5810a31e53358eb35bae9d8d,2017-12-29,12:52:23.437Z,,2017-12-29T12:52:23.438Z
5a2cd74cf8e3097a2fa16451,5810a31e53358eb35bae9d8d,2017-12-29,13:13:09.179Z,,2017-12-29T13:13:09.181Z
5a2cd74cf8e3097a2fa16451,5810a31e53358eb35bae9d8d,2017-12-29,13:22:10.280Z,,2017-12-29T13:22:10.280Z
5a2cd74cf8e3097a2fa16451,5810a31e53358eb35bae9d8d,2017-12-29,13:45:00.668Z,,2017-12-29T13:45:00.669Z
5a2cd74cf8e3097a2fa16451,5810a31e53358eb35bae9d8d,2017-12-30,01:38:31.877Z,,2017-12-30T01:38:31.878Z
5a2cd74cf8e3097a2fa16451,5810a31e53358eb35bae9d8d,2017-12-30,02:53:47.702Z,,2017-12-30T02:53:47.704Z
5a2cd74cf8e3097a2fa16451,5810a31e53358eb35bae9d8d,2017-12-30,02:57:47.933Z,,2017-12-30T02:57:47.935Z
5a2cd74cf8e3097a2fa16451,5810a31e53358eb35bae9d8d,2017-12-30,04:12:04.996Z,,2017-12-30T04:12:04.997Z
5a2cd74cf8e3097a2fa16451,5810a31e53358eb35bae9d8d,2017-12-30,05:05:48.445Z,,2017-12-30T05:05:48.447Z
5a2cd74cf8e3097a2fa16451,5810a31e53358eb35bae9d8d,2017-12-30,05:48:40.247Z,,2017-12-30T05:48:40.249Z
5a2cd74cf8e3097a2fa16451,5810a31e53358eb35bae9d8d,2017-12-30,05:55:11.997Z,,2017-12-30T05:55:11.999Z
5a2cd74cf8e3097a2fa16451,5810a31e53358eb35bae9d8d,2017-12-30,05:55:16.251Z,,2017-12-30T05:55:16.252Z
5a2cd74cf8e3097a2fa16451,5810a31e53358eb35bae9d8d,2017-12-30,06:26:19.446Z,,2017-12-30T06:26:19.447Z
5a2cd74cf8e3097a2fa16451,5810a31e53358eb35bae9d8d,2017-12-30,06:26:39.712Z,,2017-12-30T06:26:39.712Z
5a2cd74cf8e3097a2fa16451,5810a31e53358eb35bae9d8d,2017-12-30,06:29:12.652Z,,2017-12-30T06:29:12.652Z
5a2cd74cf8e3097a2fa16451,5810a31e53358eb35bae9d8d,2017-12-30,06:37:36.441Z,,2017-12-30T06:37:36.442Z
5a2cd74cf8e3097a2fa16451,5810a31e53358eb35bae9d8d,2017-12-30,06:40:17.495Z,,2017-12-30T06:40:17.496Z
5a2cd74cf8e3097a2fa16451,5810a31e53358eb35bae9d8d,2017-12-30,06:52:30.900Z,,2017-12-30T06:52:30.900Z
5a2cd74cf8e3097a2fa16451,5810a31e53358eb35bae9d8d,2017-12-30,07:52:43.884Z,,2017-12-30T07:52:43.884Z
5a2cd74cf8e3097a2fa16451,5810a31e53358eb35bae9d8d,2017-12-30,08:01:41.733Z,,2017-12-30T08:01:41.733Z
5a2cd74cf8e3097a2fa16451,5810a31e53358eb35bae9d8d,2017-12-30,11:20:32.502Z,,2017-12-30T11:20:32.507Z
5a2cd74cf8e3097a2fa16451,5810a31e53358eb35bae9d8d,2017-12-30,12:28:13.675Z,,2017-12-30T12:28:13.675Z
5a2cd74cf8e3097a2fa16451,5810a31e53358eb35bae9d8d,2017-12-30,13:15:33.563Z,,2017-12-30T13:15:33.563Z
5a2cd74cf8e3097a2fa16451,5810a31e53358eb35bae9d8d,2017-12-30,23:34:04.184Z,,2017-12-30T23:34:04.185Z
5a2cd74cf8e3097a2fa16451,5810a31e53358eb35bae9d8d,2017-12-31,00:31:02.434Z,,2017-12-31T00:31:02.434Z
5a2cd74cf8e3097a2fa16451,5810a31e53358eb35bae9d8d,2017-12-31,03:34:43.487Z,,2017-12-31T03:34:43.489Z
5a2cd74cf8e3097a2fa16451,5810a31e53358eb35bae9d8d,2017-12-31,04:19:18.552Z,,2017-12-31T04:19:18.554Z
5a2cd74cf8e3097a2fa16451,5810a31e53358eb35bae9d8d,2017-12-31,04:45:04.907Z,,2017-12-31T04:45:04.907Z
5a2cd74cf8e3097a2fa16451,5810a31e53358eb35bae9d8d,2017-12-31,05:49:47.618Z,,2017-12-31T05:49:47.619Z
5a2cd74cf8e3097a2fa16451,5810a31e53358eb35bae9d8d,2017-12-31,07:42:08.710Z,,2017-12-31T07:42:08.711Z
5a2cd74cf8e3097a2fa16451,5810a31e53358eb35bae9d8d,2017-12-31,09:27:23.990Z,,2017-12-31T09:27:23.991Z
5a2cd74cf8e3097a2fa16451,5810a31e53358eb35bae9d8d,2018-01-01,01:35:34.512Z,,2018-01-01T01:35:34.514Z
5a2cd74cf8e3097a2fa16451,5810a31e53358eb35bae9d8d,2018-01-01,01:39:39.673Z,,2018-01-01T01:39:39.673Z
5a2cd74cf8e3097a2fa16451,5810a31e53358eb35bae9d8d,2018-01-01,02:07:45.719Z,,2018-01-01T02:07:45.720Z
5a2cd74cf8e3097a2fa16451,5810a31e53358eb35bae9d8d,2018-01-01,04:21:13.468Z,,2018-01-01T04:21:13.469Z
5a2cd74cf8e3097a2fa16451,5810a31e53358eb35bae9d8d,2018-01-01,04:38:38.841Z,,2018-01-01T04:38:38.841Z
5a2cd74cf8e3097a2fa16451,5810a31e53358eb35bae9d8d,2018-01-01,04:40:15.417Z,,2018-01-01T04:40:15.418Z
5a2cd74cf8e3097a2fa16451,5810a31e53358eb35bae9d8d,2018-01-01,04:40:18.267Z,,2018-01-01T04:40:18.268Z
5a2cd74cf8e3097a2fa16451,5810a31e53358eb35bae9d8d,2018-01-01,07:23:42.337Z,,2018-01-01T07:23:42.337Z
5a2cd74cf8e3097a2fa16451,5810a31e53358eb35bae9d8d,2018-01-01,09:00:08.228Z,,2018-01-01T09:00:08.229Z
5a2cd74cf8e3097a2fa16451,5810a31e53358eb35bae9d8d,2018-01-01,09:00:25.744Z,,2018-01-01T09:00:25.744Z
5a2cd74cf8e3097a2fa16451,5810a31e53358eb35bae9d8d,2018-01-01,09:50:06.119Z,,2018-01-01T09:50:06.119Z
5a2cd74cf8e3097a2fa16451,5810a31e53358eb35bae9d8d,2018-01-01,09:56:59.081Z,,2018-01-01T09:56:59.081Z
5a2cd74cf8e3097a2fa16451,5810a31e53358eb35bae9d8d,2018-01-01,10:18:39.247Z,,2018-01-01T10:18:39.249Z
5a2cd74cf8e3097a2fa16451,5810a31e53358eb35bae9d8d,2018-01-01,11:02:31.845Z,,2018-01-01T11:02:31.846Z
5a2cd74cf8e3097a2fa16451,5810a31e53358eb35bae9d8d,2018-01-01,11:50:58.628Z,,2018-01-01T11:50:58.629Z
5a2cd74cf8e3097a2fa16451,5810a31e53358eb35bae9d8d,2018-01-01,12:10:02.045Z,,2018-01-01T12:10:02.049Z
5a2cd74cf8e3097a2fa16451,5810a31e53358eb35bae9d8d,2018-01-01,12:10:06.937Z,,2018-01-01T12:10:06.937Z
5a2cd74cf8e3097a2fa16451,5810a31e53358eb35bae9d8d,2018-01-01,12:10:10.229Z,,2018-01-01T12:10:10.229Z
5a2cd74cf8e3097a2fa16451,5810a31e53358eb35bae9d8d,2018-01-01,12:11:08.343Z,,2018-01-01T12:11:08.343Z
5a2cd74cf8e3097a2fa16451,5810a31e53358eb35bae9d8d,2018-01-01,12:11:17.260Z,,2018-01-01T12:11:17.260Z
5a2cd74cf8e3097a2fa16451,5810a31e53358eb35bae9d8d,2018-01-01,12:11:19.814Z,,2018-01-01T12:11:19.814Z
5a2cd74cf8e3097a2fa16451,5810a31e53358eb35bae9d8d,2018-01-01,12:11:23.303Z,,2018-01-01T12:11:23.304Z
5a2cd74cf8e3097a2fa16451,5810a31e53358eb35bae9d8d,2018-01-01,12:11:24.401Z,,2018-01-01T12:11:24.402Z
5a2cd74cf8e3097a2fa16451,5810a31e53358eb35bae9d8d,2018-01-01,12:11:26.272Z,,2018-01-01T12:11:26.274Z
5a2cd74cf8e3097a2fa16451,5810a31e53358eb35bae9d8d,2018-01-01,12:11:28.749Z,,2018-01-01T12:11:28.749Z
5a2cd74cf8e3097a2fa16451,5810a31e53358eb35bae9d8d,2018-01-01,12:11:30.023Z,,2018-01-01T12:11:30.023Z
5a2cd74cf8e3097a2fa16451,5810a31e53358eb35bae9d8d,2018-01-01,12:11:31.429Z,,2018-01-01T12:11:31.429Z
5a2cd74cf8e3097a2fa16451,5810a31e53358eb35bae9d8d,2018-01-01,12:11:45.881Z,,2018-01-01T12:11:45.882Z
5a2cd74cf8e3097a2fa16451,5810a31e53358eb35bae9d8d,2018-01-01,12:11:48.273Z,,2018-01-01T12:11:48.275Z
5a2cd74cf8e3097a2fa16451,5810a31e53358eb35bae9d8d,2018-01-02,05:40:28.688Z,,2018-01-02T05:40:28.690Z
5a2cd74cf8e3097a2fa16451,5810a31e53358eb35bae9d8d,2018-01-02,07:09:13.529Z,,2018-01-02T07:09:13.530Z
5a2cd74cf8e3097a2fa16451,5810a31e53358eb35bae9d8d,2018-01-02,08:07:16.718Z,,2018-01-02T08:07:16.719Z
5a2cd74cf8e3097a2fa16451,5810a31e53358eb35bae9d8d,2018-01-02,09:35:46.646Z,,2018-01-02T09:35:46.648Z
5a2cd74cf8e3097a2fa16451,5810a31e53358eb35bae9d8d,2018-01-02,10:14:05.343Z,,2018-01-02T10:14:05.344Z
5a2cd74cf8e3097a2fa16451,5810a31e53358eb35bae9d8d,2018-01-02,10:14:16.485Z,,2018-01-02T10:14:16.485Z
5a2cd74cf8e3097a2fa16451,5810a31e53358eb35bae9d8d,2018-01-02,10:31:29.200Z,,2018-01-02T10:31:29.202Z
5a2cd74cf8e3097a2fa16451,5810a31e53358eb35bae9d8d,2018-01-02,11:46:46.849Z,,2018-01-02T11:46:46.849Z
5a2cd74cf8e3097a2fa16451,5810a31e53358eb35bae9d8d,2018-01-02,12:16:23.814Z,,2018-01-02T12:16:23.815Z
5a2cd74cf8e3097a2fa16451,5810a31e53358eb35bae9d8d,2018-01-02,13:44:11.641Z,,2018-01-02T13:44:11.642Z
5a2cd74cf8e3097a2fa16451,5810a31e53358eb35bae9d8d,2018-01-02,15:15:33.157Z,,2018-01-02T15:15:33.159Z
5a2cd74cf8e3097a2fa16451,5810a31e53358eb35bae9d8d,2018-01-02,15:48:54.557Z,,2018-01-02T15:48:54.558Z
5a2cd74cf8e3097a2fa16451,5810a31e53358eb35bae9d8d,2018-01-02,16:49:29.091Z,,2018-01-02T16:49:29.091Z
5a2cd74cf8e3097a2fa16451,5810a31e53358eb35bae9d8d,2018-01-02,23:35:51.510Z,,2018-01-02T23:35:51.512Z
5a2cd74cf8e3097a2fa16451,5810a31e53358eb35bae9d8d,2018-01-03,07:04:24.105Z,,2018-01-03T07:04:24.106Z
5a2cd74cf8e3097a2fa16451,5810a31e53358eb35bae9d8d,2018-01-03,07:35:33.772Z,,2018-01-03T07:35:33.774Z
5a2cd74cf8e3097a2fa16451,5810a31e53358eb35bae9d8d,2018-01-03,08:07:11.241Z,,2018-01-03T08:07:11.242Z
5a2cd74cf8e3097a2fa16451,5810a31e53358eb35bae9d8d,2018-01-03,08:32:38.029Z,,2018-01-03T08:32:38.030Z
5a2cd74cf8e3097a2fa16451,5810a31e53358eb35bae9d8d,2018-01-03,10:15:25.214Z,,2018-01-03T10:15:25.215Z
5a2cd74cf8e3097a2fa16451,5810a31e53358eb35bae9d8d,2018-01-03,23:34:48.708Z,,2018-01-03T23:34:48.710Z
5a2cd74cf8e3097a2fa16451,5810a31e53358eb35bae9d8d,2018-01-04,03:18:36.161Z,,2018-01-04T03:18:36.161Z
5a2cd74cf8e3097a2fa16451,5810a31e53358eb35bae9d8d,2018-01-04,03:55:29.751Z,,2018-01-04T03:55:29.752Z
5a2cd74cf8e3097a2fa16451,5810a31e53358eb35bae9d8d,2018-01-04,03:55:31.890Z,,2018-01-04T03:55:31.890Z
5a2cd74cf8e3097a2fa16451,5810a31e53358eb35bae9d8d,2018-01-04,03:55:47.421Z,,2018-01-04T03:55:47.422Z
5a2cd74cf8e3097a2fa16451,5810a31e53358eb35bae9d8d,2018-01-04,05:22:18.926Z,,2018-01-04T05:22:18.927Z
5a2cd74cf8e3097a2fa16451,5810a31e53358eb35bae9d8d,2018-01-04,10:57:11.753Z,,2018-01-04T10:57:11.754Z
5a2cd74cf8e3097a2fa16451,5810a31e53358eb35bae9d8d,2018-01-04,11:10:48.817Z,,2018-01-04T11:10:48.817Z
5a2cd74cf8e3097a2fa16451,5810a31e53358eb35bae9d8d,2018-01-04,23:34:53.218Z,,2018-01-04T23:34:53.219Z
5a2cd74cf8e3097a2fa16451,5810a31e53358eb35bae9d8d,2018-01-05,01:18:26.373Z,,2018-01-05T01:18:26.374Z
5a2cd74cf8e3097a2fa16451,5810a31e53358eb35bae9d8d,2018-01-05,04:36:26.225Z,,2018-01-05T04:36:26.226Z
5a2cd74cf8e3097a2fa16451,5810a31e53358eb35bae9d8d,2018-01-05,06:56:43.862Z,,2018-01-05T06:56:43.862Z
5a2cd74cf8e3097a2fa16451,5810a31e53358eb35bae9d8d,2018-01-05,07:20:41.798Z,,2018-01-05T07:20:41.799Z
5a2cd74cf8e3097a2fa16451,5810a31e53358eb35bae9d8d,2018-01-05,07:20:43.857Z,,2018-01-05T07:20:43.858Z
5a2cd74cf8e3097a2fa16451,5810a31e53358eb35bae9d8d,2018-01-05,07:20:49.723Z,,2018-01-05T07:20:49.723Z
5a2cd74cf8e3097a2fa16451,5810a31e53358eb35bae9d8d,2018-01-05,07:20:51.624Z,,2018-01-05T07:20:51.624Z
5a2cd74cf8e3097a2fa16451,5810a31e53358eb35bae9d8d,2018-01-05,07:20:53.887Z,,2018-01-05T07:20:53.887Z
5a2cd74cf8e3097a2fa16451,5810a31e53358eb35bae9d8d,2018-01-05,07:20:55.009Z,,2018-01-05T07:20:55.009Z
5a2cd74cf8e3097a2fa16451,5810a31e53358eb35bae9d8d,2018-01-05,07:20:56.329Z,,2018-01-05T07:20:56.331Z
5a2cd74cf8e3097a2fa16451,5810a31e53358eb35bae9d8d,2018-01-05,07:20:57.775Z,,2018-01-05T07:20:57.777Z
5a2cd74cf8e3097a2fa16451,5810a31e53358eb35bae9d8d,2018-01-05,07:20:59.949Z,,2018-01-05T07:20:59.950Z
5a2cd74cf8e3097a2fa16451,5810a31e53358eb35bae9d8d,2018-01-05,07:21:01.387Z,,2018-01-05T07:21:01.387Z
5a2cd74cf8e3097a2fa16451,5810a31e53358eb35bae9d8d,2018-01-05,07:21:04.107Z,,2018-01-05T07:21:04.108Z
5a2cd74cf8e3097a2fa16451,5810a31e53358eb35bae9d8d,2018-01-05,07:21:05.217Z,,2018-01-05T07:21:05.218Z
5a2cd74cf8e3097a2fa16451,5810a31e53358eb35bae9d8d,2018-01-05,07:21:07.017Z,,2018-01-05T07:21:07.017Z
5a2cd74cf8e3097a2fa16451,5810a31e53358eb35bae9d8d,2018-01-05,07:21:08.451Z,,2018-01-05T07:21:08.451Z
5a2cd74cf8e3097a2fa16451,5810a31e53358eb35bae9d8d,2018-01-05,07:21:11.151Z,,2018-01-05T07:21:11.152Z
5a2cd74cf8e3097a2fa16451,5810a31e53358eb35bae9d8d,2018-01-05,07:40:29.131Z,,2018-01-05T07:40:29.133Z
5a2cd74cf8e3097a2fa16451,5810a31e53358eb35bae9d8d,2018-01-05,08:04:38.516Z,,2018-01-05T08:04:38.517Z
5a2cd74cf8e3097a2fa16451,5810a31e53358eb35bae9d8d,2018-01-05,08:34:48.549Z,,2018-01-05T08:34:48.550Z
5a2cd74cf8e3097a2fa16451,5810a31e53358eb35bae9d8d,2018-01-05,09:28:25.986Z,,2018-01-05T09:28:25.986Z
5a2cd74cf8e3097a2fa16451,5810a31e53358eb35bae9d8d,2018-01-05,11:05:24.212Z,,2018-01-05T11:05:24.214Z
5a2cd74cf8e3097a2fa16451,5810a31e53358eb35bae9d8d,2018-01-05,23:33:04.660Z,,2018-01-05T23:33:04.660Z
5a2cd74cf8e3097a2fa16451,5810a31e53358eb35bae9d8d,2018-01-06,02:17:50.116Z,,2018-01-06T02:17:50.116Z
5a2cd74cf8e3097a2fa16451,5810a31e53358eb35bae9d8d,2018-01-06,04:44:24.010Z,,2018-01-06T04:44:24.011Z
5a2cd74cf8e3097a2fa16451,5810a31e53358eb35bae9d8d,2018-01-06,04:53:38.840Z,,2018-01-06T04:53:38.840Z
5a2cd74cf8e3097a2fa16451,5810a31e53358eb35bae9d8d,2018-01-06,04:56:49.787Z,,2018-01-06T04:56:49.788Z
5a2cd74cf8e3097a2fa16451,5810a31e53358eb35bae9d8d,2018-01-06,06:39:59.735Z,,2018-01-06T06:39:59.735Z
5a2cd74cf8e3097a2fa16451,5810a31e53358eb35bae9d8d,2018-01-06,07:09:11.880Z,,2018-01-06T07:09:11.881Z
5a2cd74cf8e3097a2fa16451,5810a31e53358eb35bae9d8d,2018-01-06,07:09:15.321Z,,2018-01-06T07:09:15.321Z
5a2cd74cf8e3097a2fa16451,5810a31e53358eb35bae9d8d,2018-01-06,07:35:21.071Z,,2018-01-06T07:35:21.073Z
5a2cd74cf8e3097a2fa16451,5810a31e53358eb35bae9d8d,2018-01-06,10:24:47.098Z,,2018-01-06T10:24:47.099Z
5a2cd74cf8e3097a2fa16451,5810a31e53358eb35bae9d8d,2018-01-06,10:58:17.052Z,,2018-01-06T10:58:17.053Z
5a2cd74cf8e3097a2fa16451,5810a31e53358eb35bae9d8d,2018-01-06,11:36:01.005Z,,2018-01-06T11:36:01.008Z
5a2cd74cf8e3097a2fa16451,5810a31e53358eb35bae9d8d,2018-01-06,23:23:06.813Z,,2018-01-06T23:23:06.813Z
5a2cd74cf8e3097a2fa16451,5810a31e53358eb35bae9d8d,2018-01-06,23:41:08.766Z,,2018-01-06T23:41:08.766Z
5a2cd74cf8e3097a2fa16451,5810a31e53358eb35bae9d8d,2018-01-07,03:02:21.135Z,,2018-01-07T03:02:21.136Z
5a2cd74cf8e3097a2fa16451,5810a31e53358eb35bae9d8d,2018-01-07,04:05:43.420Z,,2018-01-07T04:05:43.420Z
5a2cd74cf8e3097a2fa16451,5810a31e53358eb35bae9d8d,2018-01-07,04:18:08.268Z,,2018-01-07T04:18:08.268Z
5a2cd74cf8e3097a2fa16451,5810a31e53358eb35bae9d8d,2018-01-07,05:46:39.063Z,,2018-01-07T05:46:39.064Z
5a2cd74cf8e3097a2fa16451,5810a31e53358eb35bae9d8d,2018-01-07,23:34:38.592Z,,2018-01-07T23:34:38.593Z
5a2cd74cf8e3097a2fa16451,5810a31e53358eb35bae9d8d,2018-01-08,01:38:10.358Z,,2018-01-08T01:38:10.359Z
5a2cd74cf8e3097a2fa16451,5810a31e53358eb35bae9d8d,2018-01-08,01:42:44.310Z,,2018-01-08T01:42:44.311Z
5a2cd74cf8e3097a2fa16451,5810a31e53358eb35bae9d8d,2018-01-08,01:42:44.629Z,,2018-01-08T01:42:44.629Z
5a2cd74cf8e3097a2fa16451,5810a31e53358eb35bae9d8d,2018-01-08,02:48:02.428Z,,2018-01-08T02:48:02.429Z
5a2cd74cf8e3097a2fa16451,5810a31e53358eb35bae9d8d,2018-01-08,06:25:10.948Z,,2018-01-08T06:25:10.949Z
5a2cd74cf8e3097a2fa16451,5810a31e53358eb35bae9d8d,2018-01-08,23:34:08.685Z,,2018-01-08T23:34:08.687Z
5a2cd74cf8e3097a2fa16451,5810a31e53358eb35bae9d8d,2018-01-09,03:48:49.447Z,,2018-01-09T03:48:49.448Z
5a2cd74cf8e3097a2fa16451,5810a31e53358eb35bae9d8d,2018-01-09,03:49:07.103Z,,2018-01-09T03:49:07.104Z
5a2cd74cf8e3097a2fa16451,5810a31e53358eb35bae9d8d,2018-01-09,05:01:38.759Z,,2018-01-09T05:01:38.761Z
5a2cd74cf8e3097a2fa16451,5810a31e53358eb35bae9d8d,2018-01-09,05:01:48.349Z,,2018-01-09T05:01:48.349Z
5a2cd74cf8e3097a2fa16451,5810a31e53358eb35bae9d8d,2018-01-09,05:01:51.819Z,,2018-01-09T05:01:51.819Z
5a2cd74cf8e3097a2fa16451,5810a31e53358eb35bae9d8d,2018-01-09,05:01:53.924Z,,2018-01-09T05:01:53.925Z
5a2cd74cf8e3097a2fa16451,5810a31e53358eb35bae9d8d,2018-01-09,05:01:57.025Z,,2018-01-09T05:01:57.026Z
5a2cd74cf8e3097a2fa16451,5810a31e53358eb35bae9d8d,2018-01-09,05:02:19.816Z,,2018-01-09T05:02:19.816Z
5a2cd74cf8e3097a2fa16451,5810a31e53358eb35bae9d8d,2018-01-09,05:02:21.105Z,,2018-01-09T05:02:21.105Z
5a2cd74cf8e3097a2fa16451,5810a31e53358eb35bae9d8d,2018-01-09,05:02:22.377Z,,2018-01-09T05:02:22.377Z
5a2cd74cf8e3097a2fa16451,5810a31e53358eb35bae9d8d,2018-01-09,05:02:23.634Z,,2018-01-09T05:02:23.635Z
5a2cd74cf8e3097a2fa16451,5810a31e53358eb35bae9d8d,2018-01-09,05:02:25.146Z,,2018-01-09T05:02:25.146Z
5a2cd74cf8e3097a2fa16451,5810a31e53358eb35bae9d8d,2018-01-09,05:02:26.162Z,,2018-01-09T05:02:26.163Z
5a2cd74cf8e3097a2fa16451,5810a31e53358eb35bae9d8d,2018-01-09,05:02:27.308Z,,2018-01-09T05:02:27.309Z
5a2cd74cf8e3097a2fa16451,5810a31e53358eb35bae9d8d,2018-01-09,05:02:28.187Z,,2018-01-09T05:02:28.187Z
5a2cd74cf8e3097a2fa16451,5810a31e53358eb35bae9d8d,2018-01-09,05:02:29.308Z,,2018-01-09T05:02:29.309Z
5a2cd74cf8e3097a2fa16451,5810a31e53358eb35bae9d8d,2018-01-09,05:02:30.505Z,,2018-01-09T05:02:30.506Z
5a2cd74cf8e3097a2fa16451,5810a31e53358eb35bae9d8d,2018-01-09,05:02:32.137Z,,2018-01-09T05:02:32.138Z
5a2cd74cf8e3097a2fa16451,5810a31e53358eb35bae9d8d,2018-01-09,05:02:33.715Z,,2018-01-09T05:02:33.716Z
5a2cd74cf8e3097a2fa16451,5810a31e53358eb35bae9d8d,2018-01-09,05:02:35.369Z,,2018-01-09T05:02:35.369Z
5a2cd74cf8e3097a2fa16451,5810a31e53358eb35bae9d8d,2018-01-09,05:02:36.503Z,,2018-01-09T05:02:36.504Z
5a2cd74cf8e3097a2fa16451,5810a31e53358eb35bae9d8d,2018-01-09,05:02:37.674Z,,2018-01-09T05:02:37.674Z
5a2cd74cf8e3097a2fa16451,5810a31e53358eb35bae9d8d,2018-01-09,05:02:39.469Z,,2018-01-09T05:02:39.469Z
5a2cd74cf8e3097a2fa16451,5810a31e53358eb35bae9d8d,2018-01-09,05:02:40.836Z,,2018-01-09T05:02:40.836Z
5a2cd74cf8e3097a2fa16451,5810a31e53358eb35bae9d8d,2018-01-09,05:02:42.531Z,,2018-01-09T05:02:42.531Z
5a2cd74cf8e3097a2fa16451,5810a31e53358eb35bae9d8d,2018-01-09,05:02:43.466Z,,2018-01-09T05:02:43.467Z
5a2cd74cf8e3097a2fa16451,5810a31e53358eb35bae9d8d,2018-01-09,05:02:45.143Z,,2018-01-09T05:02:45.143Z
5a2cd74cf8e3097a2fa16451,5810a31e53358eb35bae9d8d,2018-01-09,05:02:47.287Z,,2018-01-09T05:02:47.287Z
5a2cd74cf8e3097a2fa16451,5810a31e53358eb35bae9d8d,2018-01-09,05:02:48.901Z,,2018-01-09T05:02:48.901Z
5a2cd74cf8e3097a2fa16451,5810a31e53358eb35bae9d8d,2018-01-09,05:02:51.689Z,,2018-01-09T05:02:51.693Z
5a2cd74cf8e3097a2fa16451,5810a31e53358eb35bae9d8d,2018-01-09,05:02:52.696Z,,2018-01-09T05:02:52.696Z
5a2cd74cf8e3097a2fa16451,5810a31e53358eb35bae9d8d,2018-01-09,05:02:55.907Z,,2018-01-09T05:02:55.908Z
5a2cd74cf8e3097a2fa16451,5810a31e53358eb35bae9d8d,2018-01-09,05:02:57.762Z,,2018-01-09T05:02:57.765Z
5a2cd74cf8e3097a2fa16451,5810a31e53358eb35bae9d8d,2018-01-09,05:03:00.397Z,,2018-01-09T05:03:00.397Z
5a2cd74cf8e3097a2fa16451,5810a31e53358eb35bae9d8d,2018-01-09,05:03:01.654Z,,2018-01-09T05:03:01.655Z
5a2cd74cf8e3097a2fa16451,5810a31e53358eb35bae9d8d,2018-01-09,05:03:02.811Z,,2018-01-09T05:03:02.811Z
5a2cd74cf8e3097a2fa16451,5810a31e53358eb35bae9d8d,2018-01-09,05:03:04.206Z,,2018-01-09T05:03:04.206Z
5a2cd74cf8e3097a2fa16451,5810a31e53358eb35bae9d8d,2018-01-09,05:03:05.806Z,,2018-01-09T05:03:05.807Z
5a2cd74cf8e3097a2fa16451,5810a31e53358eb35bae9d8d,2018-01-09,05:03:19.510Z,,2018-01-09T05:03:19.511Z
5a2cd74cf8e3097a2fa16451,5810a31e53358eb35bae9d8d,2018-01-09,05:03:29.863Z,,2018-01-09T05:03:29.864Z
5a2cd74cf8e3097a2fa16451,5810a31e53358eb35bae9d8d,2018-01-09,05:03:31.341Z,,2018-01-09T05:03:31.343Z
5a2cd74cf8e3097a2fa16451,5810a31e53358eb35bae9d8d,2018-01-09,05:03:33.979Z,,2018-01-09T05:03:33.979Z
5a2cd74cf8e3097a2fa16451,5810a31e53358eb35bae9d8d,2018-01-09,05:03:38.028Z,,2018-01-09T05:03:38.028Z
5a2cd74cf8e3097a2fa16451,5810a31e53358eb35bae9d8d,2018-01-09,05:03:41.160Z,,2018-01-09T05:03:41.161Z
5a2cd74cf8e3097a2fa16451,5810a31e53358eb35bae9d8d,2018-01-09,05:03:42.742Z,,2018-01-09T05:03:42.743Z
5a2cd74cf8e3097a2fa16451,5810a31e53358eb35bae9d8d,2018-01-09,05:03:43.897Z,,2018-01-09T05:03:43.897Z
5a2cd74cf8e3097a2fa16451,5810a31e53358eb35bae9d8d,2018-01-09,05:03:45.076Z,,2018-01-09T05:03:45.077Z
5a2cd74cf8e3097a2fa16451,5810a31e53358eb35bae9d8d,2018-01-09,05:03:47.257Z,,2018-01-09T05:03:47.257Z
5a2cd74cf8e3097a2fa16451,5810a31e53358eb35bae9d8d,2018-01-09,05:03:49.672Z,,2018-01-09T05:03:49.672Z
5a2cd74cf8e3097a2fa16451,5810a31e53358eb35bae9d8d,2018-01-09,05:03:51.063Z,,2018-01-09T05:03:51.064Z
5a2cd74cf8e3097a2fa16451,5810a31e53358eb35bae9d8d,2018-01-09,05:03:52.248Z,,2018-01-09T05:03:52.248Z
5a2cd74cf8e3097a2fa16451,5810a31e53358eb35bae9d8d,2018-01-09,05:03:53.674Z,,2018-01-09T05:03:53.675Z
5a2cd74cf8e3097a2fa16451,5810a31e53358eb35bae9d8d,2018-01-09,05:03:55.210Z,,2018-01-09T05:03:55.211Z
5a2cd74cf8e3097a2fa16451,5810a31e53358eb35bae9d8d,2018-01-09,05:03:56.575Z,,2018-01-09T05:03:56.575Z
5a2cd74cf8e3097a2fa16451,5810a31e53358eb35bae9d8d,2018-01-09,05:03:57.754Z,,2018-01-09T05:03:57.755Z
5a2cd74cf8e3097a2fa16451,5810a31e53358eb35bae9d8d,2018-01-09,05:04:03.769Z,,2018-01-09T05:04:03.769Z
5a2cd74cf8e3097a2fa16451,5810a31e53358eb35bae9d8d,2018-01-09,05:04:05.285Z,,2018-01-09T05:04:05.286Z
5a2cd74cf8e3097a2fa16451,5810a31e53358eb35bae9d8d,2018-01-09,05:04:07.165Z,,2018-01-09T05:04:07.165Z
5a2cd74cf8e3097a2fa16451,5810a31e53358eb35bae9d8d,2018-01-09,05:04:08.686Z,,2018-01-09T05:04:08.686Z
5a2cd74cf8e3097a2fa16451,5810a31e53358eb35bae9d8d,2018-01-09,05:04:10.137Z,,2018-01-09T05:04:10.137Z
5a2cd74cf8e3097a2fa16451,5810a31e53358eb35bae9d8d,2018-01-09,05:04:11.330Z,,2018-01-09T05:04:11.330Z
5a2cd74cf8e3097a2fa16451,5810a31e53358eb35bae9d8d,2018-01-09,05:04:12.530Z,,2018-01-09T05:04:12.530Z
5a2cd74cf8e3097a2fa16451,5810a31e53358eb35bae9d8d,2018-01-09,05:04:13.799Z,,2018-01-09T05:04:13.799Z
5a2cd74cf8e3097a2fa16451,5810a31e53358eb35bae9d8d,2018-01-09,05:04:14.746Z,,2018-01-09T05:04:14.746Z
5a2cd74cf8e3097a2fa16451,5810a31e53358eb35bae9d8d,2018-01-09,05:04:41.298Z,,2018-01-09T05:04:41.300Z
5a2cd74cf8e3097a2fa16451,5810a31e53358eb35bae9d8d,2018-01-09,05:05:19.993Z,,2018-01-09T05:05:19.994Z
5a2cd74cf8e3097a2fa16451,5810a31e53358eb35bae9d8d,2018-01-09,05:05:21.238Z,,2018-01-09T05:05:21.238Z
5a2cd74cf8e3097a2fa16451,5810a31e53358eb35bae9d8d,2018-01-09,05:10:20.834Z,,2018-01-09T05:10:20.834Z
5a2cd74cf8e3097a2fa16451,5810a31e53358eb35bae9d8d,2018-01-09,05:10:23.181Z,,2018-01-09T05:10:23.181Z
5a2cd74cf8e3097a2fa16451,5810a31e53358eb35bae9d8d,2018-01-09,05:10:44.367Z,,2018-01-09T05:10:44.367Z
5a2cd74cf8e3097a2fa16451,5810a31e53358eb35bae9d8d,2018-01-09,05:10:53.451Z,,2018-01-09T05:10:53.451Z
5a2cd74cf8e3097a2fa16451,5810a31e53358eb35bae9d8d,2018-01-09,05:10:55.105Z,,2018-01-09T05:10:55.106Z
5a2cd74cf8e3097a2fa16451,5810a31e53358eb35bae9d8d,2018-01-09,05:10:56.403Z,,2018-01-09T05:10:56.404Z
5a2cd74cf8e3097a2fa16451,5810a31e53358eb35bae9d8d,2018-01-09,05:10:58.649Z,,2018-01-09T05:10:58.650Z
5a2cd74cf8e3097a2fa16451,5810a31e53358eb35bae9d8d,2018-01-09,05:11:03.023Z,,2018-01-09T05:11:03.023Z
5a2cd74cf8e3097a2fa16451,5810a31e53358eb35bae9d8d,2018-01-09,05:11:04.938Z,,2018-01-09T05:11:04.938Z
5a2cd74cf8e3097a2fa16451,5810a31e53358eb35bae9d8d,2018-01-09,05:11:06.189Z,,2018-01-09T05:11:06.189Z
5a2cd74cf8e3097a2fa16451,5810a31e53358eb35bae9d8d,2018-01-09,05:11:07.717Z,,2018-01-09T05:11:07.717Z
5a2cd74cf8e3097a2fa16451,5810a31e53358eb35bae9d8d,2018-01-09,05:11:09.803Z,,2018-01-09T05:11:09.804Z
5a2cd74cf8e3097a2fa16451,5810a31e53358eb35bae9d8d,2018-01-09,05:11:12.781Z,,2018-01-09T05:11:12.781Z
5a2cd74cf8e3097a2fa16451,5810a31e53358eb35bae9d8d,2018-01-09,05:11:14.746Z,,2018-01-09T05:11:14.746Z
5a2cd74cf8e3097a2fa16451,5810a31e53358eb35bae9d8d,2018-01-09,05:11:18.585Z,,2018-01-09T05:11:18.585Z
5a2cd74cf8e3097a2fa16451,5810a31e53358eb35bae9d8d,2018-01-09,05:11:37.572Z,,2018-01-09T05:11:37.573Z
5a2cd74cf8e3097a2fa16451,5810a31e53358eb35bae9d8d,2018-01-09,05:11:42.251Z,,2018-01-09T05:11:42.252Z
5a2cd74cf8e3097a2fa16451,5810a31e53358eb35bae9d8d,2018-01-09,05:12:08.670Z,,2018-01-09T05:12:08.670Z
5a2cd74cf8e3097a2fa16451,5810a31e53358eb35bae9d8d,2018-01-09,05:12:56.607Z,,2018-01-09T05:12:56.607Z
5a2cd74cf8e3097a2fa16451,5810a31e53358eb35bae9d8d,2018-01-09,05:28:01.501Z,,2018-01-09T05:28:01.501Z
5a2cd74cf8e3097a2fa16451,5810a31e53358eb35bae9d8d,2018-01-09,05:36:45.551Z,,2018-01-09T05:36:45.551Z
5a2cd74cf8e3097a2fa16451,5810a31e53358eb35bae9d8d,2018-01-09,05:36:49.715Z,,2018-01-09T05:36:49.716Z
5a2cd74cf8e3097a2fa16451,5810a31e53358eb35bae9d8d,2018-01-09,06:05:04.931Z,,2018-01-09T06:05:04.932Z
5a2cd74cf8e3097a2fa16451,5810a31e53358eb35bae9d8d,2018-01-09,07:18:03.395Z,,2018-01-09T07:18:03.395Z
5a2cd74cf8e3097a2fa16451,5810a31e53358eb35bae9d8d,2018-01-09,07:18:34.366Z,,2018-01-09T07:18:34.367Z
5a2cd74cf8e3097a2fa16451,5810a31e53358eb35bae9d8d,2018-01-09,07:20:22.675Z,,2018-01-09T07:20:22.677Z
5a2cd74cf8e3097a2fa16451,5810a31e53358eb35bae9d8d,2018-01-09,07:24:10.825Z,,2018-01-09T07:24:10.825Z
5a2cd74cf8e3097a2fa16451,5810a31e53358eb35bae9d8d,2018-01-09,07:24:37.107Z,,2018-01-09T07:24:37.108Z
5a2cd74cf8e3097a2fa16451,5810a31e53358eb35bae9d8d,2018-01-09,07:55:55.352Z,,2018-01-09T07:55:55.355Z
5a2cd74cf8e3097a2fa16451,5810a31e53358eb35bae9d8d,2018-01-09,08:49:52.319Z,,2018-01-09T08:49:52.321Z
5a2cd74cf8e3097a2fa16451,5810a31e53358eb35bae9d8d,2018-01-09,10:12:08.202Z,,2018-01-09T10:12:08.204Z
5a2cd74cf8e3097a2fa16451,5810a31e53358eb35bae9d8d,2018-01-09,10:47:47.148Z,,2018-01-09T10:47:47.148Z
5a2cd74cf8e3097a2fa16451,5810a31e53358eb35bae9d8d,2018-01-09,11:17:09.685Z,,2018-01-09T11:17:09.686Z
5a2cd74cf8e3097a2fa16451,5810a31e53358eb35bae9d8d,2018-01-09,23:36:33.213Z,,2018-01-09T23:36:33.214Z
5a2cd74cf8e3097a2fa16451,5810a31e53358eb35bae9d8d,2018-01-10,03:21:02.421Z,,2018-01-10T03:21:02.423Z
5a2cd74cf8e3097a2fa16451,5810a31e53358eb35bae9d8d,2018-01-10,06:15:17.403Z,,2018-01-10T06:15:17.405Z
5a2cd74cf8e3097a2fa16451,5810a31e53358eb35bae9d8d,2018-01-10,06:37:03.510Z,,2018-01-10T06:37:03.512Z
5a2cd74cf8e3097a2fa16451,5810a31e53358eb35bae9d8d,2018-01-10,06:37:09.465Z,,2018-01-10T06:37:09.466Z
5a2cd74cf8e3097a2fa16451,5810a31e53358eb35bae9d8d,2018-01-10,06:54:25.234Z,,2018-01-10T06:54:25.235Z
5a2cd74cf8e3097a2fa16451,5810a31e53358eb35bae9d8d,2018-01-10,09:30:45.839Z,,2018-01-10T09:30:45.841Z
5a2cd74cf8e3097a2fa16451,5810a31e53358eb35bae9d8d,2018-01-10,09:46:33.169Z,,2018-01-10T09:46:33.170Z
5a2cd74cf8e3097a2fa16451,5810a31e53358eb35bae9d8d,2018-01-10,10:02:01.858Z,,2018-01-10T10:02:01.859Z
5a2cd74cf8e3097a2fa16451,5810a31e53358eb35bae9d8d,2018-01-10,11:27:40.524Z,,2018-01-10T11:27:40.525Z
5a2cd74cf8e3097a2fa16451,5810a31e53358eb35bae9d8d,2018-01-10,11:41:59.313Z,,2018-01-10T11:41:59.313Z
5a2cd74cf8e3097a2fa16451,5810a31e53358eb35bae9d8d,2018-01-10,23:34:01.335Z,,2018-01-10T23:34:01.337Z
5a2cd74cf8e3097a2fa16451,5810a31e53358eb35bae9d8d,2018-01-11,03:15:44.446Z,,2018-01-11T03:15:44.448Z
5a2cd74cf8e3097a2fa16451,5810a31e53358eb35bae9d8d,2018-01-11,08:26:27.280Z,,2018-01-11T08:26:27.282Z
5a2cd74cf8e3097a2fa16451,5810a31e53358eb35bae9d8d,2018-01-11,08:53:32.734Z,,2018-01-11T08:53:32.735Z
5a2cd74cf8e3097a2fa16451,5810a31e53358eb35bae9d8d,2018-01-11,09:53:49.584Z,,2018-01-11T09:53:49.586Z
5a2cd74cf8e3097a2fa16451,5810a31e53358eb35bae9d8d,2018-01-11,23:34:23.030Z,,2018-01-11T23:34:23.031Z
5a2cd74cf8e3097a2fa16451,5810a31e53358eb35bae9d8d,2018-01-12,02:09:33.470Z,,2018-01-12T02:09:33.471Z
5a2cd74cf8e3097a2fa16451,5810a31e53358eb35bae9d8d,2018-01-12,03:41:30.753Z,,2018-01-12T03:41:30.754Z
5a2cd74cf8e3097a2fa16451,5810a31e53358eb35bae9d8d,2018-01-12,23:50:19.048Z,,2018-01-12T23:50:19.049Z
5a2cd74cf8e3097a2fa16451,5810a31e53358eb35bae9d8d,2018-01-13,03:30:48.993Z,,2018-01-13T03:30:48.993Z
5a2cd74cf8e3097a2fa16451,5810a31e53358eb35bae9d8d,2018-01-13,03:46:02.300Z,,2018-01-13T03:46:02.301Z
5a2cd74cf8e3097a2fa16451,5810a31e53358eb35bae9d8d,2018-01-13,03:46:09.170Z,,2018-01-13T03:46:09.170Z
5a2cd74cf8e3097a2fa16451,5810a31e53358eb35bae9d8d,2018-01-13,03:46:13.186Z,,2018-01-13T03:46:13.186Z
5a2cd74cf8e3097a2fa16451,5810a31e53358eb35bae9d8d,2018-01-13,03:46:16.566Z,,2018-01-13T03:46:16.566Z
5a2cd74cf8e3097a2fa16451,5810a31e53358eb35bae9d8d,2018-01-13,03:46:18.121Z,,2018-01-13T03:46:18.122Z
5a2cd74cf8e3097a2fa16451,5810a31e53358eb35bae9d8d,2018-01-13,03:47:26.814Z,,2018-01-13T03:47:26.814Z
5a2cd74cf8e3097a2fa16451,5810a31e53358eb35bae9d8d,2018-01-13,03:49:14.700Z,,2018-01-13T03:49:14.700Z
5a2cd74cf8e3097a2fa16451,5810a31e53358eb35bae9d8d,2018-01-13,04:17:30.321Z,,2018-01-13T04:17:30.321Z
5a2cd74cf8e3097a2fa16451,5810a31e53358eb35bae9d8d,2018-01-13,04:17:30.617Z,,2018-01-13T04:17:30.618Z
5a2cd74cf8e3097a2fa16451,5810a31e53358eb35bae9d8d,2018-01-13,04:26:50.189Z,,2018-01-13T04:26:50.189Z
5a2cd74cf8e3097a2fa16451,5810a31e53358eb35bae9d8d,2018-01-13,04:29:37.881Z,,2018-01-13T04:29:37.881Z
5a2cd74cf8e3097a2fa16451,5810a31e53358eb35bae9d8d,2018-01-13,05:43:22.381Z,,2018-01-13T05:43:22.384Z
5a2cd74cf8e3097a2fa16451,5810a31e53358eb35bae9d8d,2018-01-13,06:04:31.834Z,,2018-01-13T06:04:31.834Z
5a2cd74cf8e3097a2fa16451,5810a31e53358eb35bae9d8d,2018-01-13,07:23:46.453Z,,2018-01-13T07:23:46.455Z
5a2cd74cf8e3097a2fa16451,5810a31e53358eb35bae9d8d,2018-01-13,09:02:25.112Z,,2018-01-13T09:02:25.113Z
5a2cd74cf8e3097a2fa16451,5810a31e53358eb35bae9d8d,2018-01-13,23:31:52.607Z,,2018-01-13T23:31:52.608Z
5a2cd74cf8e3097a2fa16451,5810a31e53358eb35bae9d8d,2018-01-13,23:32:53.966Z,,2018-01-13T23:32:53.967Z
5a2cd74cf8e3097a2fa16451,5810a31e53358eb35bae9d8d,2018-01-14,01:38:51.514Z,,2018-01-14T01:38:51.515Z
5a2cd74cf8e3097a2fa16451,5810a31e53358eb35bae9d8d,2018-01-14,01:39:16.941Z,,2018-01-14T01:39:16.941Z
5a2cd74cf8e3097a2fa16451,5810a31e53358eb35bae9d8d,2018-01-14,08:31:32.388Z,,2018-01-14T08:31:32.389Z
5a2cd74cf8e3097a2fa16451,5810a31e53358eb35bae9d8d,2018-01-14,08:41:15.973Z,,2018-01-14T08:41:15.973Z
5a2cd74cf8e3097a2fa16451,5810a31e53358eb35bae9d8d,2018-01-14,08:41:43.511Z,,2018-01-14T08:41:43.512Z
5a2cd74cf8e3097a2fa16451,5810a31e53358eb35bae9d8d,2018-01-14,09:13:38.789Z,,2018-01-14T09:13:38.790Z
5a2cd74cf8e3097a2fa16451,5810a31e53358eb35bae9d8d,2018-01-14,09:13:41.867Z,,2018-01-14T09:13:41.867Z
5a2cd74cf8e3097a2fa16451,5810a31e53358eb35bae9d8d,2018-01-14,11:42:54.353Z,,2018-01-14T11:42:54.353Z
5a2cd74cf8e3097a2fa16451,5810a31e53358eb35bae9d8d,2018-01-14,12:11:43.149Z,,2018-01-14T12:11:43.149Z
